#001,1,Bulbasaur,https://img.pokemondb.net/sprites/omega-ruby-alpha-sapphire/dex/normal/bulbasaur.png,Grass,Poison
#002,1,Ivysaur,https://img.pokemondb.net/sprites/omega-ruby-alpha-sapphire/dex/normal/ivysaur.png,Grass,Poison
#003,1,Venusaur,https://img.pokemondb.net/sprites/omega-ruby-alpha-sapphire/dex/normal/venusaur.png,Grass,Poison
#004,1,Charmander,https://img.pokemondb.net/sprites/omega-ruby-alpha-sapphire/dex/normal/charmander.png,Fire,
#005,1,Charmeleon,https://img.pokemondb.net/sprites/omega-ruby-alpha-sapphire/dex/normal/charmeleon.png,Fire,
#006,1,Charizard,https://img.pokemondb.net/sprites/omega-ruby-alpha-sapphire/dex/normal/charizard.png,Fire,Flying
#007,1,Squirtle,https://img.pokemondb.net/sprites/omega-ruby-alpha-sapphire/dex/normal/squirtle.png,Water,
#008,1,Wartortle,https://img.pokemondb.net/sprites/omega-ruby-alpha-sapphire/dex/normal/wartortle.png,Water,
#009,1,Blastoise,https://img.pokemondb.net/sprites/omega-ruby-alpha-sapphire/dex/normal/blastoise.png,Water,
#010,1,Caterpie,https://img.pokemondb.net/sprites/omega-ruby-alpha-sapphire/dex/normal/caterpie.png,Bug,
#011,1,Metapod,https://img.pokemondb.net/sprites/omega-ruby-alpha-sapphire/dex/normal/metapod.png,Bug,
#012,1,Butterfree,https://img.pokemondb.net/sprites/omega-ruby-alpha-sapphire/dex/normal/butterfree.png,Bug,Flying
#013,1,Weedle,https://img.pokemondb.net/sprites/omega-ruby-alpha-sapphire/dex/normal/weedle.png,Bug,Poison
#014,1,Kakuna,https://img.pokemondb.net/sprites/omega-ruby-alpha-sapphire/dex/normal/kakuna.png,Bug,Poison
#015,1,Beedrill,https://img.pokemondb.net/sprites/omega-ruby-alpha-sapphire/dex/normal/beedrill.png,Bug,Poison
#016,1,Pidgey,https://img.pokemondb.net/sprites/omega-ruby-alpha-sapphire/dex/normal/pidgey.png,Normal,Flying
#017,1,Pidgeotto,https://img.pokemondb.net/sprites/omega-ruby-alpha-sapphire/dex/normal/pidgeotto.png,Normal,Flying
#018,1,Pidgeot,https://img.pokemondb.net/sprites/omega-ruby-alpha-sapphire/dex/normal/pidgeot.png,Normal,Flying
#019,1,Rattata,https://img.pokemondb.net/sprites/omega-ruby-alpha-sapphire/dex/normal/rattata.png,Normal,
#020,1,Raticate,https://img.pokemondb.net/sprites/omega-ruby-alpha-sapphire/dex/normal/raticate.png,Normal,
#021,1,Spearow,https://img.pokemondb.net/sprites/omega-ruby-alpha-sapphire/dex/normal/spearow.png,Normal,Flying
#022,1,Fearow,https://img.pokemondb.net/sprites/omega-ruby-alpha-sapphire/dex/normal/fearow.png,Normal,Flying
#023,1,Ekans,https://img.pokemondb.net/sprites/omega-ruby-alpha-sapphire/dex/normal/ekans.png,Poison,
#024,1,Arbok,https://img.pokemondb.net/sprites/omega-ruby-alpha-sapphire/dex/normal/arbok.png,Poison,
#025,1,Pikachu,https://img.pokemondb.net/sprites/omega-ruby-alpha-sapphire/dex/normal/pikachu.png,Electric,
#026,1,Raichu,https://img.pokemondb.net/sprites/omega-ruby-alpha-sapphire/dex/normal/raichu.png,Electric,
#027,1,Sandshrew,https://img.pokemondb.net/sprites/omega-ruby-alpha-sapphire/dex/normal/sandshrew.png,Ground,
#028,1,Sandslash,https://img.pokemondb.net/sprites/omega-ruby-alpha-sapphire/dex/normal/sandslash.png,Ground,
#029,1,Nidoran♀,https://img.pokemondb.net/sprites/omega-ruby-alpha-sapphire/dex/normal/nidoran-f.png,Poison,
#030,1,Nidorina,https://img.pokemondb.net/sprites/omega-ruby-alpha-sapphire/dex/normal/nidorina.png,Poison,
#031,1,Nidoqueen,https://img.pokemondb.net/sprites/omega-ruby-alpha-sapphire/dex/normal/nidoqueen.png,Poison,Ground
#032,1,Nidoran♂,https://img.pokemondb.net/sprites/omega-ruby-alpha-sapphire/dex/normal/nidoran-m.png,Poison,
#033,1,Nidorino,https://img.pokemondb.net/sprites/omega-ruby-alpha-sapphire/dex/normal/nidorino.png,Poison,
#034,1,Nidoking,https://img.pokemondb.net/sprites/omega-ruby-alpha-sapphire/dex/normal/nidoking.png,Poison,Ground
#035,1,Clefairy,https://img.pokemondb.net/sprites/omega-ruby-alpha-sapphire/dex/normal/clefairy.png,Fairy,
#036,1,Clefable,https://img.pokemondb.net/sprites/omega-ruby-alpha-sapphire/dex/normal/clefable.png,Fairy,
#037,1,Vulpix,https://img.pokemondb.net/sprites/omega-ruby-alpha-sapphire/dex/normal/vulpix.png,Fire,
#038,1,Ninetales,https://img.pokemondb.net/sprites/omega-ruby-alpha-sapphire/dex/normal/ninetales.png,Fire,
#039,1,Jigglypuff,https://img.pokemondb.net/sprites/omega-ruby-alpha-sapphire/dex/normal/jigglypuff.png,Normal,Fairy
#040,1,Wigglytuff,https://img.pokemondb.net/sprites/omega-ruby-alpha-sapphire/dex/normal/wigglytuff.png,Normal,Fairy
#041,1,Zubat,https://img.pokemondb.net/sprites/omega-ruby-alpha-sapphire/dex/normal/zubat.png,Poison,Flying
#042,1,Golbat,https://img.pokemondb.net/sprites/omega-ruby-alpha-sapphire/dex/normal/golbat.png,Poison,Flying
#043,1,Oddish,https://img.pokemondb.net/sprites/omega-ruby-alpha-sapphire/dex/normal/oddish.png,Grass,Poison
#044,1,Gloom,https://img.pokemondb.net/sprites/omega-ruby-alpha-sapphire/dex/normal/gloom.png,Grass,Poison
#045,1,Vileplume,https://img.pokemondb.net/sprites/omega-ruby-alpha-sapphire/dex/normal/vileplume.png,Grass,Poison
#046,1,Paras,https://img.pokemondb.net/sprites/omega-ruby-alpha-sapphire/dex/normal/paras.png,Bug,Grass
#047,1,Parasect,https://img.pokemondb.net/sprites/omega-ruby-alpha-sapphire/dex/normal/parasect.png,Bug,Grass
#048,1,Venonat,https://img.pokemondb.net/sprites/omega-ruby-alpha-sapphire/dex/normal/venonat.png,Bug,Poison
#049,1,Venomoth,https://img.pokemondb.net/sprites/omega-ruby-alpha-sapphire/dex/normal/venomoth.png,Bug,Poison
#050,1,Diglett,https://img.pokemondb.net/sprites/omega-ruby-alpha-sapphire/dex/normal/diglett.png,Ground,
#051,1,Dugtrio,https://img.pokemondb.net/sprites/omega-ruby-alpha-sapphire/dex/normal/dugtrio.png,Ground,
#052,1,Meowth,https://img.pokemondb.net/sprites/omega-ruby-alpha-sapphire/dex/normal/meowth.png,Normal,
#053,1,Persian,https://img.pokemondb.net/sprites/omega-ruby-alpha-sapphire/dex/normal/persian.png,Normal,
#054,1,Psyduck,https://img.pokemondb.net/sprites/omega-ruby-alpha-sapphire/dex/normal/psyduck.png,Water,
#055,1,Golduck,https://img.pokemondb.net/sprites/omega-ruby-alpha-sapphire/dex/normal/golduck.png,Water,
#056,1,Mankey,https://img.pokemondb.net/sprites/omega-ruby-alpha-sapphire/dex/normal/mankey.png,Fighting,
#057,1,Primeape,https://img.pokemondb.net/sprites/omega-ruby-alpha-sapphire/dex/normal/primeape.png,Fighting,
#058,1,Growlithe,https://img.pokemondb.net/sprites/omega-ruby-alpha-sapphire/dex/normal/growlithe.png,Fire,
#059,1,Arcanine,https://img.pokemondb.net/sprites/omega-ruby-alpha-sapphire/dex/normal/arcanine.png,Fire,
#060,1,Poliwag,https://img.pokemondb.net/sprites/omega-ruby-alpha-sapphire/dex/normal/poliwag.png,Water,
#061,1,Poliwhirl,https://img.pokemondb.net/sprites/omega-ruby-alpha-sapphire/dex/normal/poliwhirl.png,Water,
#062,1,Poliwrath,https://img.pokemondb.net/sprites/omega-ruby-alpha-sapphire/dex/normal/poliwrath.png,Water,Fighting
#063,1,Abra,https://img.pokemondb.net/sprites/omega-ruby-alpha-sapphire/dex/normal/abra.png,Psychic,
#064,1,Kadabra,https://img.pokemondb.net/sprites/omega-ruby-alpha-sapphire/dex/normal/kadabra.png,Psychic,
#065,1,Alakazam,https://img.pokemondb.net/sprites/omega-ruby-alpha-sapphire/dex/normal/alakazam.png,Psychic,
#066,1,Machop,https://img.pokemondb.net/sprites/omega-ruby-alpha-sapphire/dex/normal/machop.png,Fighting,
#067,1,Machoke,https://img.pokemondb.net/sprites/omega-ruby-alpha-sapphire/dex/normal/machoke.png,Fighting,
#068,1,Machamp,https://img.pokemondb.net/sprites/omega-ruby-alpha-sapphire/dex/normal/machamp.png,Fighting,
#069,1,Bellsprout,https://img.pokemondb.net/sprites/omega-ruby-alpha-sapphire/dex/normal/bellsprout.png,Grass,Poison
#070,1,Weepinbell,https://img.pokemondb.net/sprites/omega-ruby-alpha-sapphire/dex/normal/weepinbell.png,Grass,Poison
#071,1,Victreebel,https://img.pokemondb.net/sprites/omega-ruby-alpha-sapphire/dex/normal/victreebel.png,Grass,Poison
#072,1,Tentacool,https://img.pokemondb.net/sprites/omega-ruby-alpha-sapphire/dex/normal/tentacool.png,Water,Poison
#073,1,Tentacruel,https://img.pokemondb.net/sprites/omega-ruby-alpha-sapphire/dex/normal/tentacruel.png,Water,Poison
#074,1,Geodude,https://img.pokemondb.net/sprites/omega-ruby-alpha-sapphire/dex/normal/geodude.png,Rock,Ground
#075,1,Graveler,https://img.pokemondb.net/sprites/omega-ruby-alpha-sapphire/dex/normal/graveler.png,Rock,Ground
#076,1,Golem,https://img.pokemondb.net/sprites/omega-ruby-alpha-sapphire/dex/normal/golem.png,Rock,Ground
#077,1,Ponyta,https://img.pokemondb.net/sprites/omega-ruby-alpha-sapphire/dex/normal/ponyta.png,Fire,
#078,1,Rapidash,https://img.pokemondb.net/sprites/omega-ruby-alpha-sapphire/dex/normal/rapidash.png,Fire,
#079,1,Slowpoke,https://img.pokemondb.net/sprites/omega-ruby-alpha-sapphire/dex/normal/slowpoke.png,Water,Psychic
#080,1,Slowbro,https://img.pokemondb.net/sprites/omega-ruby-alpha-sapphire/dex/normal/slowbro.png,Water,Psychic
#081,1,Magnemite,https://img.pokemondb.net/sprites/omega-ruby-alpha-sapphire/dex/normal/magnemite.png,Electric,Steel
#082,1,Magneton,https://img.pokemondb.net/sprites/omega-ruby-alpha-sapphire/dex/normal/magneton.png,Electric,Steel
#083,1,Farfetch'd,https://img.pokemondb.net/sprites/omega-ruby-alpha-sapphire/dex/normal/farfetchd.png,Normal,Flying
#084,1,Doduo,https://img.pokemondb.net/sprites/omega-ruby-alpha-sapphire/dex/normal/doduo.png,Normal,Flying
#085,1,Dodrio,https://img.pokemondb.net/sprites/omega-ruby-alpha-sapphire/dex/normal/dodrio.png,Normal,Flying
#086,1,Seel,https://img.pokemondb.net/sprites/omega-ruby-alpha-sapphire/dex/normal/seel.png,Water,
#087,1,Dewgong,https://img.pokemondb.net/sprites/omega-ruby-alpha-sapphire/dex/normal/dewgong.png,Water,Ice
#088,1,Grimer,https://img.pokemondb.net/sprites/omega-ruby-alpha-sapphire/dex/normal/grimer.png,Poison,
#089,1,Muk,https://img.pokemondb.net/sprites/omega-ruby-alpha-sapphire/dex/normal/muk.png,Poison,
#090,1,Shellder,https://img.pokemondb.net/sprites/omega-ruby-alpha-sapphire/dex/normal/shellder.png,Water,
#091,1,Cloyster,https://img.pokemondb.net/sprites/omega-ruby-alpha-sapphire/dex/normal/cloyster.png,Water,Ice
#092,1,Gastly,https://img.pokemondb.net/sprites/omega-ruby-alpha-sapphire/dex/normal/gastly.png,Ghost,Poison
#093,1,Haunter,https://img.pokemondb.net/sprites/omega-ruby-alpha-sapphire/dex/normal/haunter.png,Ghost,Poison
#094,1,Gengar,https://img.pokemondb.net/sprites/omega-ruby-alpha-sapphire/dex/normal/gengar.png,Ghost,Poison
#095,1,Onix,https://img.pokemondb.net/sprites/omega-ruby-alpha-sapphire/dex/normal/onix.png,Rock,Ground
#096,1,Drowzee,https://img.pokemondb.net/sprites/omega-ruby-alpha-sapphire/dex/normal/drowzee.png,Psychic,
#097,1,Hypno,https://img.pokemondb.net/sprites/omega-ruby-alpha-sapphire/dex/normal/hypno.png,Psychic,
#098,1,Krabby,https://img.pokemondb.net/sprites/omega-ruby-alpha-sapphire/dex/normal/krabby.png,Water,
#099,1,Kingler,https://img.pokemondb.net/sprites/omega-ruby-alpha-sapphire/dex/normal/kingler.png,Water,
#100,1,Voltorb,https://img.pokemondb.net/sprites/omega-ruby-alpha-sapphire/dex/normal/voltorb.png,Electric,
#101,1,Electrode,https://img.pokemondb.net/sprites/omega-ruby-alpha-sapphire/dex/normal/electrode.png,Electric,
#102,1,Exeggcute,https://img.pokemondb.net/sprites/omega-ruby-alpha-sapphire/dex/normal/exeggcute.png,Grass,Psychic
#103,1,Exeggutor,https://img.pokemondb.net/sprites/omega-ruby-alpha-sapphire/dex/normal/exeggutor.png,Grass,Psychic
#104,1,Cubone,https://img.pokemondb.net/sprites/omega-ruby-alpha-sapphire/dex/normal/cubone.png,Ground,
#105,1,Marowak,https://img.pokemondb.net/sprites/omega-ruby-alpha-sapphire/dex/normal/marowak.png,Ground,
#106,1,Hitmonlee,https://img.pokemondb.net/sprites/omega-ruby-alpha-sapphire/dex/normal/hitmonlee.png,Fighting,
#107,1,Hitmonchan,https://img.pokemondb.net/sprites/omega-ruby-alpha-sapphire/dex/normal/hitmonchan.png,Fighting,
#108,1,Lickitung,https://img.pokemondb.net/sprites/omega-ruby-alpha-sapphire/dex/normal/lickitung.png,Normal,
#109,1,Koffing,https://img.pokemondb.net/sprites/omega-ruby-alpha-sapphire/dex/normal/koffing.png,Poison,
#110,1,Weezing,https://img.pokemondb.net/sprites/omega-ruby-alpha-sapphire/dex/normal/weezing.png,Poison,
#111,1,Rhyhorn,https://img.pokemondb.net/sprites/omega-ruby-alpha-sapphire/dex/normal/rhyhorn.png,Ground,Rock
#112,1,Rhydon,https://img.pokemondb.net/sprites/omega-ruby-alpha-sapphire/dex/normal/rhydon.png,Ground,Rock
#113,1,Chansey,https://img.pokemondb.net/sprites/omega-ruby-alpha-sapphire/dex/normal/chansey.png,Normal,
#114,1,Tangela,https://img.pokemondb.net/sprites/omega-ruby-alpha-sapphire/dex/normal/tangela.png,Grass,
#115,1,Kangaskhan,https://img.pokemondb.net/sprites/omega-ruby-alpha-sapphire/dex/normal/kangaskhan.png,Normal,
#116,1,Horsea,https://img.pokemondb.net/sprites/omega-ruby-alpha-sapphire/dex/normal/horsea.png,Water,
#117,1,Seadra,https://img.pokemondb.net/sprites/omega-ruby-alpha-sapphire/dex/normal/seadra.png,Water,
#118,1,Goldeen,https://img.pokemondb.net/sprites/omega-ruby-alpha-sapphire/dex/normal/goldeen.png,Water,
#119,1,Seaking,https://img.pokemondb.net/sprites/omega-ruby-alpha-sapphire/dex/normal/seaking.png,Water,
#120,1,Staryu,https://img.pokemondb.net/sprites/omega-ruby-alpha-sapphire/dex/normal/staryu.png,Water,
#121,1,Starmie,https://img.pokemondb.net/sprites/omega-ruby-alpha-sapphire/dex/normal/starmie.png,Water,Psychic
#122,1,Mr. Mime,https://img.pokemondb.net/sprites/omega-ruby-alpha-sapphire/dex/normal/mr-mime.png,Psychic,Fairy
#123,1,Scyther,https://img.pokemondb.net/sprites/omega-ruby-alpha-sapphire/dex/normal/scyther.png,Bug,Flying
#124,1,Jynx,https://img.pokemondb.net/sprites/omega-ruby-alpha-sapphire/dex/normal/jynx.png,Ice,Psychic
#125,1,Electabuzz,https://img.pokemondb.net/sprites/omega-ruby-alpha-sapphire/dex/normal/electabuzz.png,Electric,
#126,1,Magmar,https://img.pokemondb.net/sprites/omega-ruby-alpha-sapphire/dex/normal/magmar.png,Fire,
#127,1,Pinsir,https://img.pokemondb.net/sprites/omega-ruby-alpha-sapphire/dex/normal/pinsir.png,Bug,
#128,1,Tauros,https://img.pokemondb.net/sprites/omega-ruby-alpha-sapphire/dex/normal/tauros.png,Normal,
#129,1,Magikarp,https://img.pokemondb.net/sprites/omega-ruby-alpha-sapphire/dex/normal/magikarp.png,Water,
#130,1,Gyarados,https://img.pokemondb.net/sprites/omega-ruby-alpha-sapphire/dex/normal/gyarados.png,Water,Flying
#131,1,Lapras,https://img.pokemondb.net/sprites/omega-ruby-alpha-sapphire/dex/normal/lapras.png,Water,Ice
#132,1,Ditto,https://img.pokemondb.net/sprites/omega-ruby-alpha-sapphire/dex/normal/ditto.png,Normal,
#133,1,Eevee,https://img.pokemondb.net/sprites/omega-ruby-alpha-sapphire/dex/normal/eevee.png,Normal,
#134,1,Vaporeon,https://img.pokemondb.net/sprites/omega-ruby-alpha-sapphire/dex/normal/vaporeon.png,Water,
#135,1,Jolteon,https://img.pokemondb.net/sprites/omega-ruby-alpha-sapphire/dex/normal/jolteon.png,Electric,
#136,1,Flareon,https://img.pokemondb.net/sprites/omega-ruby-alpha-sapphire/dex/normal/flareon.png,Fire,
#137,1,Porygon,https://img.pokemondb.net/sprites/omega-ruby-alpha-sapphire/dex/normal/porygon.png,Normal,
#138,1,Omanyte,https://img.pokemondb.net/sprites/omega-ruby-alpha-sapphire/dex/normal/omanyte.png,Rock,Water
#139,1,Omastar,https://img.pokemondb.net/sprites/omega-ruby-alpha-sapphire/dex/normal/omastar.png,Rock,Water
#140,1,Kabuto,https://img.pokemondb.net/sprites/omega-ruby-alpha-sapphire/dex/normal/kabuto.png,Rock,Water
#141,1,Kabutops,https://img.pokemondb.net/sprites/omega-ruby-alpha-sapphire/dex/normal/kabutops.png,Rock,Water
#142,1,Aerodactyl,https://img.pokemondb.net/sprites/omega-ruby-alpha-sapphire/dex/normal/aerodactyl.png,Rock,Flying
#143,1,Snorlax,https://img.pokemondb.net/sprites/omega-ruby-alpha-sapphire/dex/normal/snorlax.png,Normal,
#144,1,Articuno,https://img.pokemondb.net/sprites/omega-ruby-alpha-sapphire/dex/normal/articuno.png,Ice,Flying
#145,1,Zapdos,https://img.pokemondb.net/sprites/omega-ruby-alpha-sapphire/dex/normal/zapdos.png,Electric,Flying
#146,1,Moltres,https://img.pokemondb.net/sprites/omega-ruby-alpha-sapphire/dex/normal/moltres.png,Fire,Flying
#147,1,Dratini,https://img.pokemondb.net/sprites/omega-ruby-alpha-sapphire/dex/normal/dratini.png,Dragon,
#148,1,Dragonair,https://img.pokemondb.net/sprites/omega-ruby-alpha-sapphire/dex/normal/dragonair.png,Dragon,
#149,1,Dragonite,https://img.pokemondb.net/sprites/omega-ruby-alpha-sapphire/dex/normal/dragonite.png,Dragon,Flying
#150,1,Mewtwo,https://img.pokemondb.net/sprites/omega-ruby-alpha-sapphire/dex/normal/mewtwo.png,Psychic,
#151,1,Mew,https://img.pokemondb.net/sprites/omega-ruby-alpha-sapphire/dex/normal/mew.png,Psychic,
#152,2,Chikorita,https://img.pokemondb.net/sprites/omega-ruby-alpha-sapphire/dex/normal/chikorita.png,Grass,
#153,2,Bayleef,https://img.pokemondb.net/sprites/omega-ruby-alpha-sapphire/dex/normal/bayleef.png,Grass,
#154,2,Meganium,https://img.pokemondb.net/sprites/omega-ruby-alpha-sapphire/dex/normal/meganium.png,Grass,
#155,2,Cyndaquil,https://img.pokemondb.net/sprites/omega-ruby-alpha-sapphire/dex/normal/cyndaquil.png,Fire,
#156,2,Quilava,https://img.pokemondb.net/sprites/omega-ruby-alpha-sapphire/dex/normal/quilava.png,Fire,
#157,2,Typhlosion,https://img.pokemondb.net/sprites/omega-ruby-alpha-sapphire/dex/normal/typhlosion.png,Fire,
#158,2,Totodile,https://img.pokemondb.net/sprites/omega-ruby-alpha-sapphire/dex/normal/totodile.png,Water,
#159,2,Croconaw,https://img.pokemondb.net/sprites/omega-ruby-alpha-sapphire/dex/normal/croconaw.png,Water,
#160,2,Feraligatr,https://img.pokemondb.net/sprites/omega-ruby-alpha-sapphire/dex/normal/feraligatr.png,Water,
#161,2,Sentret,https://img.pokemondb.net/sprites/omega-ruby-alpha-sapphire/dex/normal/sentret.png,Normal,
#162,2,Furret,https://img.pokemondb.net/sprites/omega-ruby-alpha-sapphire/dex/normal/furret.png,Normal,
#163,2,Hoothoot,https://img.pokemondb.net/sprites/omega-ruby-alpha-sapphire/dex/normal/hoothoot.png,Normal,Flying
#164,2,Noctowl,https://img.pokemondb.net/sprites/omega-ruby-alpha-sapphire/dex/normal/noctowl.png,Normal,Flying
#165,2,Ledyba,https://img.pokemondb.net/sprites/omega-ruby-alpha-sapphire/dex/normal/ledyba.png,Bug,Flying
#166,2,Ledian,https://img.pokemondb.net/sprites/omega-ruby-alpha-sapphire/dex/normal/ledian.png,Bug,Flying
#167,2,Spinarak,https://img.pokemondb.net/sprites/omega-ruby-alpha-sapphire/dex/normal/spinarak.png,Bug,Poison
#168,2,Ariados,https://img.pokemondb.net/sprites/omega-ruby-alpha-sapphire/dex/normal/ariados.png,Bug,Poison
#169,2,Crobat,https://img.pokemondb.net/sprites/omega-ruby-alpha-sapphire/dex/normal/crobat.png,Poison,Flying
#170,2,Chinchou,https://img.pokemondb.net/sprites/omega-ruby-alpha-sapphire/dex/normal/chinchou.png,Water,Electric
#171,2,Lanturn,https://img.pokemondb.net/sprites/omega-ruby-alpha-sapphire/dex/normal/lanturn.png,Water,Electric
#172,2,Pichu,https://img.pokemondb.net/sprites/omega-ruby-alpha-sapphire/dex/normal/pichu.png,Electric,
#173,2,Cleffa,https://img.pokemondb.net/sprites/omega-ruby-alpha-sapphire/dex/normal/cleffa.png,Fairy,
#174,2,Igglybuff,https://img.pokemondb.net/sprites/omega-ruby-alpha-sapphire/dex/normal/igglybuff.png,Normal,Fairy
#175,2,Togepi,https://img.pokemondb.net/sprites/omega-ruby-alpha-sapphire/dex/normal/togepi.png,Fairy,
#176,2,Togetic,https://img.pokemondb.net/sprites/omega-ruby-alpha-sapphire/dex/normal/togetic.png,Fairy,Flying
#177,2,Natu,https://img.pokemondb.net/sprites/omega-ruby-alpha-sapphire/dex/normal/natu.png,Psychic,Flying
#178,2,Xatu,https://img.pokemondb.net/sprites/omega-ruby-alpha-sapphire/dex/normal/xatu.png,Psychic,Flying
#179,2,Mareep,https://img.pokemondb.net/sprites/omega-ruby-alpha-sapphire/dex/normal/mareep.png,Electric,
#180,2,Flaaffy,https://img.pokemondb.net/sprites/omega-ruby-alpha-sapphire/dex/normal/flaaffy.png,Electric,
#181,2,Ampharos,https://img.pokemondb.net/sprites/omega-ruby-alpha-sapphire/dex/normal/ampharos.png,Electric,
#182,2,Bellossom,https://img.pokemondb.net/sprites/omega-ruby-alpha-sapphire/dex/normal/bellossom.png,Grass,
#183,2,Marill,https://img.pokemondb.net/sprites/omega-ruby-alpha-sapphire/dex/normal/marill.png,Water,Fairy
#184,2,Azumarill,https://img.pokemondb.net/sprites/omega-ruby-alpha-sapphire/dex/normal/azumarill.png,Water,Fairy
#185,2,Sudowoodo,https://img.pokemondb.net/sprites/omega-ruby-alpha-sapphire/dex/normal/sudowoodo.png,Rock,
#186,2,Politoed,https://img.pokemondb.net/sprites/omega-ruby-alpha-sapphire/dex/normal/politoed.png,Water,
#187,2,Hoppip,https://img.pokemondb.net/sprites/omega-ruby-alpha-sapphire/dex/normal/hoppip.png,Grass,Flying
#188,2,Skiploom,https://img.pokemondb.net/sprites/omega-ruby-alpha-sapphire/dex/normal/skiploom.png,Grass,Flying
#189,2,Jumpluff,https://img.pokemondb.net/sprites/omega-ruby-alpha-sapphire/dex/normal/jumpluff.png,Grass,Flying
#190,2,Aipom,https://img.pokemondb.net/sprites/omega-ruby-alpha-sapphire/dex/normal/aipom.png,Normal,
#191,2,Sunkern,https://img.pokemondb.net/sprites/omega-ruby-alpha-sapphire/dex/normal/sunkern.png,Grass,
#192,2,Sunflora,https://img.pokemondb.net/sprites/omega-ruby-alpha-sapphire/dex/normal/sunflora.png,Grass,
#193,2,Yanma,https://img.pokemondb.net/sprites/omega-ruby-alpha-sapphire/dex/normal/yanma.png,Bug,Flying
#194,2,Wooper,https://img.pokemondb.net/sprites/omega-ruby-alpha-sapphire/dex/normal/wooper.png,Water,Ground
#195,2,Quagsire,https://img.pokemondb.net/sprites/omega-ruby-alpha-sapphire/dex/normal/quagsire.png,Water,Ground
#196,2,Espeon,https://img.pokemondb.net/sprites/omega-ruby-alpha-sapphire/dex/normal/espeon.png,Psychic,
#197,2,Umbreon,https://img.pokemondb.net/sprites/omega-ruby-alpha-sapphire/dex/normal/umbreon.png,Dark,
#198,2,Murkrow,https://img.pokemondb.net/sprites/omega-ruby-alpha-sapphire/dex/normal/murkrow.png,Dark,Flying
#199,2,Slowking,https://img.pokemondb.net/sprites/omega-ruby-alpha-sapphire/dex/normal/slowking.png,Water,Psychic
#200,2,Misdreavus,https://img.pokemondb.net/sprites/omega-ruby-alpha-sapphire/dex/normal/misdreavus.png,Ghost,
#201,2,Unown,https://img.pokemondb.net/sprites/omega-ruby-alpha-sapphire/dex/normal/unown.png,Psychic,
#202,2,Wobbuffet,https://img.pokemondb.net/sprites/omega-ruby-alpha-sapphire/dex/normal/wobbuffet.png,Psychic,
#203,2,Girafarig,https://img.pokemondb.net/sprites/omega-ruby-alpha-sapphire/dex/normal/girafarig.png,Normal,Psychic
#204,2,Pineco,https://img.pokemondb.net/sprites/omega-ruby-alpha-sapphire/dex/normal/pineco.png,Bug,
#205,2,Forretress,https://img.pokemondb.net/sprites/omega-ruby-alpha-sapphire/dex/normal/forretress.png,Bug,Steel
#206,2,Dunsparce,https://img.pokemondb.net/sprites/omega-ruby-alpha-sapphire/dex/normal/dunsparce.png,Normal,
#207,2,Gligar,https://img.pokemondb.net/sprites/omega-ruby-alpha-sapphire/dex/normal/gligar.png,Ground,Flying
#208,2,Steelix,https://img.pokemondb.net/sprites/omega-ruby-alpha-sapphire/dex/normal/steelix.png,Steel,Ground
#209,2,Snubbull,https://img.pokemondb.net/sprites/omega-ruby-alpha-sapphire/dex/normal/snubbull.png,Fairy,
#210,2,Granbull,https://img.pokemondb.net/sprites/omega-ruby-alpha-sapphire/dex/normal/granbull.png,Fairy,
#211,2,Qwilfish,https://img.pokemondb.net/sprites/omega-ruby-alpha-sapphire/dex/normal/qwilfish.png,Water,Poison
#212,2,Scizor,https://img.pokemondb.net/sprites/omega-ruby-alpha-sapphire/dex/normal/scizor.png,Bug,Steel
#213,2,Shuckle,https://img.pokemondb.net/sprites/omega-ruby-alpha-sapphire/dex/normal/shuckle.png,Bug,Rock
#214,2,Heracross,https://img.pokemondb.net/sprites/omega-ruby-alpha-sapphire/dex/normal/heracross.png,Bug,Fighting
#215,2,Sneasel,https://img.pokemondb.net/sprites/omega-ruby-alpha-sapphire/dex/normal/sneasel.png,Dark,Ice
#216,2,Teddiursa,https://img.pokemondb.net/sprites/omega-ruby-alpha-sapphire/dex/normal/teddiursa.png,Normal,
#217,2,Ursaring,https://img.pokemondb.net/sprites/omega-ruby-alpha-sapphire/dex/normal/ursaring.png,Normal,
#218,2,Slugma,https://img.pokemondb.net/sprites/omega-ruby-alpha-sapphire/dex/normal/slugma.png,Fire,
#219,2,Magcargo,https://img.pokemondb.net/sprites/omega-ruby-alpha-sapphire/dex/normal/magcargo.png,Fire,Rock
#220,2,Swinub,https://img.pokemondb.net/sprites/omega-ruby-alpha-sapphire/dex/normal/swinub.png,Ice,Ground
#221,2,Piloswine,https://img.pokemondb.net/sprites/omega-ruby-alpha-sapphire/dex/normal/piloswine.png,Ice,Ground
#222,2,Corsola,https://img.pokemondb.net/sprites/omega-ruby-alpha-sapphire/dex/normal/corsola.png,Water,Rock
#223,2,Remoraid,https://img.pokemondb.net/sprites/omega-ruby-alpha-sapphire/dex/normal/remoraid.png,Water,
#224,2,Octillery,https://img.pokemondb.net/sprites/omega-ruby-alpha-sapphire/dex/normal/octillery.png,Water,
#225,2,Delibird,https://img.pokemondb.net/sprites/omega-ruby-alpha-sapphire/dex/normal/delibird.png,Ice,Flying
#226,2,Mantine,https://img.pokemondb.net/sprites/omega-ruby-alpha-sapphire/dex/normal/mantine.png,Water,Flying
#227,2,Skarmory,https://img.pokemondb.net/sprites/omega-ruby-alpha-sapphire/dex/normal/skarmory.png,Steel,Flying
#228,2,Houndour,https://img.pokemondb.net/sprites/omega-ruby-alpha-sapphire/dex/normal/houndour.png,Dark,Fire
#229,2,Houndoom,https://img.pokemondb.net/sprites/omega-ruby-alpha-sapphire/dex/normal/houndoom.png,Dark,Fire
#230,2,Kingdra,https://img.pokemondb.net/sprites/omega-ruby-alpha-sapphire/dex/normal/kingdra.png,Water,Dragon
#231,2,Phanpy,https://img.pokemondb.net/sprites/omega-ruby-alpha-sapphire/dex/normal/phanpy.png,Ground,
#232,2,Donphan,https://img.pokemondb.net/sprites/omega-ruby-alpha-sapphire/dex/normal/donphan.png,Ground,
#233,2,Porygon2,https://img.pokemondb.net/sprites/omega-ruby-alpha-sapphire/dex/normal/porygon2.png,Normal,
#234,2,Stantler,https://img.pokemondb.net/sprites/omega-ruby-alpha-sapphire/dex/normal/stantler.png,Normal,
#235,2,Smeargle,https://img.pokemondb.net/sprites/omega-ruby-alpha-sapphire/dex/normal/smeargle.png,Normal,
#236,2,Tyrogue,https://img.pokemondb.net/sprites/omega-ruby-alpha-sapphire/dex/normal/tyrogue.png,Fighting,
#237,2,Hitmontop,https://img.pokemondb.net/sprites/omega-ruby-alpha-sapphire/dex/normal/hitmontop.png,Fighting,
#238,2,Smoochum,https://img.pokemondb.net/sprites/omega-ruby-alpha-sapphire/dex/normal/smoochum.png,Ice,Psychic
#239,2,Elekid,https://img.pokemondb.net/sprites/omega-ruby-alpha-sapphire/dex/normal/elekid.png,Electric,
#240,2,Magby,https://img.pokemondb.net/sprites/omega-ruby-alpha-sapphire/dex/normal/magby.png,Fire,
#241,2,Miltank,https://img.pokemondb.net/sprites/omega-ruby-alpha-sapphire/dex/normal/miltank.png,Normal,
#242,2,Blissey,https://img.pokemondb.net/sprites/omega-ruby-alpha-sapphire/dex/normal/blissey.png,Normal,
#243,2,Raikou,https://img.pokemondb.net/sprites/omega-ruby-alpha-sapphire/dex/normal/raikou.png,Electric,
#244,2,Entei,https://img.pokemondb.net/sprites/omega-ruby-alpha-sapphire/dex/normal/entei.png,Fire,
#245,2,Suicune,https://img.pokemondb.net/sprites/omega-ruby-alpha-sapphire/dex/normal/suicune.png,Water,
#246,2,Larvitar,https://img.pokemondb.net/sprites/omega-ruby-alpha-sapphire/dex/normal/larvitar.png,Rock,Ground
#247,2,Pupitar,https://img.pokemondb.net/sprites/omega-ruby-alpha-sapphire/dex/normal/pupitar.png,Rock,Ground
#248,2,Tyranitar,https://img.pokemondb.net/sprites/omega-ruby-alpha-sapphire/dex/normal/tyranitar.png,Rock,Dark
#249,2,Lugia,https://img.pokemondb.net/sprites/omega-ruby-alpha-sapphire/dex/normal/lugia.png,Psychic,Flying
#250,2,Ho-oh,https://img.pokemondb.net/sprites/omega-ruby-alpha-sapphire/dex/normal/ho-oh.png,Fire,Flying
#251,2,Celebi,https://img.pokemondb.net/sprites/omega-ruby-alpha-sapphire/dex/normal/celebi.png,Psychic,Grass
#252,3,Treecko,https://img.pokemondb.net/sprites/omega-ruby-alpha-sapphire/dex/normal/treecko.png,Grass,
#253,3,Grovyle,https://img.pokemondb.net/sprites/omega-ruby-alpha-sapphire/dex/normal/grovyle.png,Grass,
#254,3,Sceptile,https://img.pokemondb.net/sprites/omega-ruby-alpha-sapphire/dex/normal/sceptile.png,Grass,
#255,3,Torchic,https://img.pokemondb.net/sprites/omega-ruby-alpha-sapphire/dex/normal/torchic.png,Fire,
#256,3,Combusken,https://img.pokemondb.net/sprites/omega-ruby-alpha-sapphire/dex/normal/combusken.png,Fire,Fighting
#257,3,Blaziken,https://img.pokemondb.net/sprites/omega-ruby-alpha-sapphire/dex/normal/blaziken.png,Fire,Fighting
#258,3,Mudkip,https://img.pokemondb.net/sprites/omega-ruby-alpha-sapphire/dex/normal/mudkip.png,Water,
#259,3,Marshtomp,https://img.pokemondb.net/sprites/omega-ruby-alpha-sapphire/dex/normal/marshtomp.png,Water,Ground
#260,3,Swampert,https://img.pokemondb.net/sprites/omega-ruby-alpha-sapphire/dex/normal/swampert.png,Water,Ground
#261,3,Poochyena,https://img.pokemondb.net/sprites/omega-ruby-alpha-sapphire/dex/normal/poochyena.png,Dark,
#262,3,Mightyena,https://img.pokemondb.net/sprites/omega-ruby-alpha-sapphire/dex/normal/mightyena.png,Dark,
#263,3,Zigzagoon,https://img.pokemondb.net/sprites/omega-ruby-alpha-sapphire/dex/normal/zigzagoon.png,Normal,
#264,3,Linoone,https://img.pokemondb.net/sprites/omega-ruby-alpha-sapphire/dex/normal/linoone.png,Normal,
#265,3,Wurmple,https://img.pokemondb.net/sprites/omega-ruby-alpha-sapphire/dex/normal/wurmple.png,Bug,
#266,3,Silcoon,https://img.pokemondb.net/sprites/omega-ruby-alpha-sapphire/dex/normal/silcoon.png,Bug,
#267,3,Beautifly,https://img.pokemondb.net/sprites/omega-ruby-alpha-sapphire/dex/normal/beautifly.png,Bug,Flying
#268,3,Cascoon,https://img.pokemondb.net/sprites/omega-ruby-alpha-sapphire/dex/normal/cascoon.png,Bug,
#269,3,Dustox,https://img.pokemondb.net/sprites/omega-ruby-alpha-sapphire/dex/normal/dustox.png,Bug,Poison
#270,3,Lotad,https://img.pokemondb.net/sprites/omega-ruby-alpha-sapphire/dex/normal/lotad.png,Water,Grass
#271,3,Lombre,https://img.pokemondb.net/sprites/omega-ruby-alpha-sapphire/dex/normal/lombre.png,Water,Grass
#272,3,Ludicolo,https://img.pokemondb.net/sprites/omega-ruby-alpha-sapphire/dex/normal/ludicolo.png,Water,Grass
#273,3,Seedot,https://img.pokemondb.net/sprites/omega-ruby-alpha-sapphire/dex/normal/seedot.png,Grass,
#274,3,Nuzleaf,https://img.pokemondb.net/sprites/omega-ruby-alpha-sapphire/dex/normal/nuzleaf.png,Grass,Dark
#275,3,Shiftry,https://img.pokemondb.net/sprites/omega-ruby-alpha-sapphire/dex/normal/shiftry.png,Grass,Dark
#276,3,Taillow,https://img.pokemondb.net/sprites/omega-ruby-alpha-sapphire/dex/normal/taillow.png,Normal,Flying
#277,3,Swellow,https://img.pokemondb.net/sprites/omega-ruby-alpha-sapphire/dex/normal/swellow.png,Normal,Flying
#278,3,Wingull,https://img.pokemondb.net/sprites/omega-ruby-alpha-sapphire/dex/normal/wingull.png,Water,Flying
#279,3,Pelipper,https://img.pokemondb.net/sprites/omega-ruby-alpha-sapphire/dex/normal/pelipper.png,Water,Flying
#280,3,Ralts,https://img.pokemondb.net/sprites/omega-ruby-alpha-sapphire/dex/normal/ralts.png,Psychic,Fairy
#281,3,Kirlia,https://img.pokemondb.net/sprites/omega-ruby-alpha-sapphire/dex/normal/kirlia.png,Psychic,Fairy
#282,3,Gardevoir,https://img.pokemondb.net/sprites/omega-ruby-alpha-sapphire/dex/normal/gardevoir.png,Psychic,Fairy
#283,3,Surskit,https://img.pokemondb.net/sprites/omega-ruby-alpha-sapphire/dex/normal/surskit.png,Bug,Water
#284,3,Masquerain,https://img.pokemondb.net/sprites/omega-ruby-alpha-sapphire/dex/normal/masquerain.png,Bug,Flying
#285,3,Shroomish,https://img.pokemondb.net/sprites/omega-ruby-alpha-sapphire/dex/normal/shroomish.png,Grass,
#286,3,Breloom,https://img.pokemondb.net/sprites/omega-ruby-alpha-sapphire/dex/normal/breloom.png,Grass,Fighting
#287,3,Slakoth,https://img.pokemondb.net/sprites/omega-ruby-alpha-sapphire/dex/normal/slakoth.png,Normal,
#288,3,Vigoroth,https://img.pokemondb.net/sprites/omega-ruby-alpha-sapphire/dex/normal/vigoroth.png,Normal,
#289,3,Slaking,https://img.pokemondb.net/sprites/omega-ruby-alpha-sapphire/dex/normal/slaking.png,Normal,
#290,3,Nincada,https://img.pokemondb.net/sprites/omega-ruby-alpha-sapphire/dex/normal/nincada.png,Bug,Ground
#291,3,Ninjask,https://img.pokemondb.net/sprites/omega-ruby-alpha-sapphire/dex/normal/ninjask.png,Bug,Flying
#292,3,Shedinja,https://img.pokemondb.net/sprites/omega-ruby-alpha-sapphire/dex/normal/shedinja.png,Bug,Ghost
#293,3,Whismur,https://img.pokemondb.net/sprites/omega-ruby-alpha-sapphire/dex/normal/whismur.png,Normal,
#294,3,Loudred,https://img.pokemondb.net/sprites/omega-ruby-alpha-sapphire/dex/normal/loudred.png,Normal,
#295,3,Exploud,https://img.pokemondb.net/sprites/omega-ruby-alpha-sapphire/dex/normal/exploud.png,Normal,
#296,3,Makuhita,https://img.pokemondb.net/sprites/omega-ruby-alpha-sapphire/dex/normal/makuhita.png,Fighting,
#297,3,Hariyama,https://img.pokemondb.net/sprites/omega-ruby-alpha-sapphire/dex/normal/hariyama.png,Fighting,
#298,3,Azurill,https://img.pokemondb.net/sprites/omega-ruby-alpha-sapphire/dex/normal/azurill.png,Normal,Fairy
#299,3,Nosepass,https://img.pokemondb.net/sprites/omega-ruby-alpha-sapphire/dex/normal/nosepass.png,Rock,
#300,3,Skitty,https://img.pokemondb.net/sprites/omega-ruby-alpha-sapphire/dex/normal/skitty.png,Normal,
#301,3,Delcatty,https://img.pokemondb.net/sprites/omega-ruby-alpha-sapphire/dex/normal/delcatty.png,Normal,
#302,3,Sableye,https://img.pokemondb.net/sprites/omega-ruby-alpha-sapphire/dex/normal/sableye.png,Dark,Ghost
#303,3,Mawile,https://img.pokemondb.net/sprites/omega-ruby-alpha-sapphire/dex/normal/mawile.png,Steel,Fairy
#304,3,Aron,https://img.pokemondb.net/sprites/omega-ruby-alpha-sapphire/dex/normal/aron.png,Steel,Rock
#305,3,Lairon,https://img.pokemondb.net/sprites/omega-ruby-alpha-sapphire/dex/normal/lairon.png,Steel,Rock
#306,3,Aggron,https://img.pokemondb.net/sprites/omega-ruby-alpha-sapphire/dex/normal/aggron.png,Steel,Rock
#307,3,Meditite,https://img.pokemondb.net/sprites/omega-ruby-alpha-sapphire/dex/normal/meditite.png,Fighting,Psychic
#308,3,Medicham,https://img.pokemondb.net/sprites/omega-ruby-alpha-sapphire/dex/normal/medicham.png,Fighting,Psychic
#309,3,Electrike,https://img.pokemondb.net/sprites/omega-ruby-alpha-sapphire/dex/normal/electrike.png,Electric,
#310,3,Manectric,https://img.pokemondb.net/sprites/omega-ruby-alpha-sapphire/dex/normal/manectric.png,Electric,
#311,3,Plusle,https://img.pokemondb.net/sprites/omega-ruby-alpha-sapphire/dex/normal/plusle.png,Electric,
#312,3,Minun,https://img.pokemondb.net/sprites/omega-ruby-alpha-sapphire/dex/normal/minun.png,Electric,
#313,3,Volbeat,https://img.pokemondb.net/sprites/omega-ruby-alpha-sapphire/dex/normal/volbeat.png,Bug,
#314,3,Illumise,https://img.pokemondb.net/sprites/omega-ruby-alpha-sapphire/dex/normal/illumise.png,Bug,
#315,3,Roselia,https://img.pokemondb.net/sprites/omega-ruby-alpha-sapphire/dex/normal/roselia.png,Grass,Poison
#316,3,Gulpin,https://img.pokemondb.net/sprites/omega-ruby-alpha-sapphire/dex/normal/gulpin.png,Poison,
#317,3,Swalot,https://img.pokemondb.net/sprites/omega-ruby-alpha-sapphire/dex/normal/swalot.png,Poison,
#318,3,Carvanha,https://img.pokemondb.net/sprites/omega-ruby-alpha-sapphire/dex/normal/carvanha.png,Water,Dark
#319,3,Sharpedo,https://img.pokemondb.net/sprites/omega-ruby-alpha-sapphire/dex/normal/sharpedo.png,Water,Dark
#320,3,Wailmer,https://img.pokemondb.net/sprites/omega-ruby-alpha-sapphire/dex/normal/wailmer.png,Water,
#321,3,Wailord,https://img.pokemondb.net/sprites/omega-ruby-alpha-sapphire/dex/normal/wailord.png,Water,
#322,3,Numel,https://img.pokemondb.net/sprites/omega-ruby-alpha-sapphire/dex/normal/numel.png,Fire,Ground
#323,3,Camerupt,https://img.pokemondb.net/sprites/omega-ruby-alpha-sapphire/dex/normal/camerupt.png,Fire,Ground
#324,3,Torkoal,https://img.pokemondb.net/sprites/omega-ruby-alpha-sapphire/dex/normal/torkoal.png,Fire,
#325,3,Spoink,https://img.pokemondb.net/sprites/omega-ruby-alpha-sapphire/dex/normal/spoink.png,Psychic,
#326,3,Grumpig,https://img.pokemondb.net/sprites/omega-ruby-alpha-sapphire/dex/normal/grumpig.png,Psychic,
#327,3,Spinda,https://img.pokemondb.net/sprites/omega-ruby-alpha-sapphire/dex/normal/spinda.png,Normal,
#328,3,Trapinch,https://img.pokemondb.net/sprites/omega-ruby-alpha-sapphire/dex/normal/trapinch.png,Ground,
#329,3,Vibrava,https://img.pokemondb.net/sprites/omega-ruby-alpha-sapphire/dex/normal/vibrava.png,Ground,Dragon
#330,3,Flygon,https://img.pokemondb.net/sprites/omega-ruby-alpha-sapphire/dex/normal/flygon.png,Ground,Dragon
#331,3,Cacnea,https://img.pokemondb.net/sprites/omega-ruby-alpha-sapphire/dex/normal/cacnea.png,Grass,
#332,3,Cacturne,https://img.pokemondb.net/sprites/omega-ruby-alpha-sapphire/dex/normal/cacturne.png,Grass,Dark
#333,3,Swablu,https://img.pokemondb.net/sprites/omega-ruby-alpha-sapphire/dex/normal/swablu.png,Normal,Flying
#334,3,Altaria,https://img.pokemondb.net/sprites/omega-ruby-alpha-sapphire/dex/normal/altaria.png,Dragon,Flying
#335,3,Zangoose,https://img.pokemondb.net/sprites/omega-ruby-alpha-sapphire/dex/normal/zangoose.png,Normal,
#336,3,Seviper,https://img.pokemondb.net/sprites/omega-ruby-alpha-sapphire/dex/normal/seviper.png,Poison,
#337,3,Lunatone,https://img.pokemondb.net/sprites/omega-ruby-alpha-sapphire/dex/normal/lunatone.png,Rock,Psychic
#338,3,Solrock,https://img.pokemondb.net/sprites/omega-ruby-alpha-sapphire/dex/normal/solrock.png,Rock,Psychic
#339,3,Barboach,https://img.pokemondb.net/sprites/omega-ruby-alpha-sapphire/dex/normal/barboach.png,Water,Ground
#340,3,Whiscash,https://img.pokemondb.net/sprites/omega-ruby-alpha-sapphire/dex/normal/whiscash.png,Water,Ground
#341,3,Corphish,https://img.pokemondb.net/sprites/omega-ruby-alpha-sapphire/dex/normal/corphish.png,Water,
#342,3,Crawdaunt,https://img.pokemondb.net/sprites/omega-ruby-alpha-sapphire/dex/normal/crawdaunt.png,Water,Dark
#343,3,Baltoy,https://img.pokemondb.net/sprites/omega-ruby-alpha-sapphire/dex/normal/baltoy.png,Ground,Psychic
#344,3,Claydol,https://img.pokemondb.net/sprites/omega-ruby-alpha-sapphire/dex/normal/claydol.png,Ground,Psychic
#345,3,Lileep,https://img.pokemondb.net/sprites/omega-ruby-alpha-sapphire/dex/normal/lileep.png,Rock,Grass
#346,3,Cradily,https://img.pokemondb.net/sprites/omega-ruby-alpha-sapphire/dex/normal/cradily.png,Rock,Grass
#347,3,Anorith,https://img.pokemondb.net/sprites/omega-ruby-alpha-sapphire/dex/normal/anorith.png,Rock,Bug
#348,3,Armaldo,https://img.pokemondb.net/sprites/omega-ruby-alpha-sapphire/dex/normal/armaldo.png,Rock,Bug
#349,3,Feebas,https://img.pokemondb.net/sprites/omega-ruby-alpha-sapphire/dex/normal/feebas.png,Water,
#350,3,Milotic,https://img.pokemondb.net/sprites/omega-ruby-alpha-sapphire/dex/normal/milotic.png,Water,
#351,3,Castform,https://img.pokemondb.net/sprites/omega-ruby-alpha-sapphire/dex/normal/castform.png,Normal,
#352,3,Kecleon,https://img.pokemondb.net/sprites/omega-ruby-alpha-sapphire/dex/normal/kecleon.png,Normal,
#353,3,Shuppet,https://img.pokemondb.net/sprites/omega-ruby-alpha-sapphire/dex/normal/shuppet.png,Ghost,
#354,3,Banette,https://img.pokemondb.net/sprites/omega-ruby-alpha-sapphire/dex/normal/banette.png,Ghost,
#355,3,Duskull,https://img.pokemondb.net/sprites/omega-ruby-alpha-sapphire/dex/normal/duskull.png,Ghost,
#356,3,Dusclops,https://img.pokemondb.net/sprites/omega-ruby-alpha-sapphire/dex/normal/dusclops.png,Ghost,
#357,3,Tropius,https://img.pokemondb.net/sprites/omega-ruby-alpha-sapphire/dex/normal/tropius.png,Grass,Flying
#358,3,Chimecho,https://img.pokemondb.net/sprites/omega-ruby-alpha-sapphire/dex/normal/chimecho.png,Psychic,
#359,3,Absol,https://img.pokemondb.net/sprites/omega-ruby-alpha-sapphire/dex/normal/absol.png,Dark,
#360,3,Wynaut,https://img.pokemondb.net/sprites/omega-ruby-alpha-sapphire/dex/normal/wynaut.png,Psychic,
#361,3,Snorunt,https://img.pokemondb.net/sprites/omega-ruby-alpha-sapphire/dex/normal/snorunt.png,Ice,
#362,3,Glalie,https://img.pokemondb.net/sprites/omega-ruby-alpha-sapphire/dex/normal/glalie.png,Ice,
#363,3,Spheal,https://img.pokemondb.net/sprites/omega-ruby-alpha-sapphire/dex/normal/spheal.png,Ice,Water
#364,3,Sealeo,https://img.pokemondb.net/sprites/omega-ruby-alpha-sapphire/dex/normal/sealeo.png,Ice,Water
#365,3,Walrein,https://img.pokemondb.net/sprites/omega-ruby-alpha-sapphire/dex/normal/walrein.png,Ice,Water
#366,3,Clamperl,https://img.pokemondb.net/sprites/omega-ruby-alpha-sapphire/dex/normal/clamperl.png,Water,
#367,3,Huntail,https://img.pokemondb.net/sprites/omega-ruby-alpha-sapphire/dex/normal/huntail.png,Water,
#368,3,Gorebyss,https://img.pokemondb.net/sprites/omega-ruby-alpha-sapphire/dex/normal/gorebyss.png,Water,
#369,3,Relicanth,https://img.pokemondb.net/sprites/omega-ruby-alpha-sapphire/dex/normal/relicanth.png,Water,Rock
#370,3,Luvdisc,https://img.pokemondb.net/sprites/omega-ruby-alpha-sapphire/dex/normal/luvdisc.png,Water,
#371,3,Bagon,https://img.pokemondb.net/sprites/omega-ruby-alpha-sapphire/dex/normal/bagon.png,Dragon,
#372,3,Shelgon,https://img.pokemondb.net/sprites/omega-ruby-alpha-sapphire/dex/normal/shelgon.png,Dragon,
#373,3,Salamence,https://img.pokemondb.net/sprites/omega-ruby-alpha-sapphire/dex/normal/salamence.png,Dragon,Flying
#374,3,Beldum,https://img.pokemondb.net/sprites/omega-ruby-alpha-sapphire/dex/normal/beldum.png,Steel,Psychic
#375,3,Metang,https://img.pokemondb.net/sprites/omega-ruby-alpha-sapphire/dex/normal/metang.png,Steel,Psychic
#376,3,Metagross,https://img.pokemondb.net/sprites/omega-ruby-alpha-sapphire/dex/normal/metagross.png,Steel,Psychic
#377,3,Regirock,https://img.pokemondb.net/sprites/omega-ruby-alpha-sapphire/dex/normal/regirock.png,Rock,
#378,3,Regice,https://img.pokemondb.net/sprites/omega-ruby-alpha-sapphire/dex/normal/regice.png,Ice,
#379,3,Registeel,https://img.pokemondb.net/sprites/omega-ruby-alpha-sapphire/dex/normal/registeel.png,Steel,
#380,3,Latias,https://img.pokemondb.net/sprites/omega-ruby-alpha-sapphire/dex/normal/latias.png,Dragon,Psychic
#381,3,Latios,https://img.pokemondb.net/sprites/omega-ruby-alpha-sapphire/dex/normal/latios.png,Dragon,Psychic
#382,3,Kyogre,https://img.pokemondb.net/sprites/omega-ruby-alpha-sapphire/dex/normal/kyogre.png,Water,
#383,3,Groudon,https://img.pokemondb.net/sprites/omega-ruby-alpha-sapphire/dex/normal/groudon.png,Ground,
#384,3,Rayquaza,https://img.pokemondb.net/sprites/omega-ruby-alpha-sapphire/dex/normal/rayquaza.png,Dragon,Flying
#385,3,Jirachi,https://img.pokemondb.net/sprites/omega-ruby-alpha-sapphire/dex/normal/jirachi.png,Steel,Psychic
#386,3,Deoxys (Normal Forme),https://img.pokemondb.net/sprites/omega-ruby-alpha-sapphire/dex/normal/deoxys-normal.png,Psychic,
#387,4,Turtwig,https://img.pokemondb.net/sprites/omega-ruby-alpha-sapphire/dex/normal/turtwig.png,Grass,
#388,4,Grotle,https://img.pokemondb.net/sprites/omega-ruby-alpha-sapphire/dex/normal/grotle.png,Grass,
#389,4,Torterra,https://img.pokemondb.net/sprites/omega-ruby-alpha-sapphire/dex/normal/torterra.png,Grass,Ground
#390,4,Chimchar,https://img.pokemondb.net/sprites/omega-ruby-alpha-sapphire/dex/normal/chimchar.png,Fire,
#391,4,Monferno,https://img.pokemondb.net/sprites/omega-ruby-alpha-sapphire/dex/normal/monferno.png,Fire,Fighting
#392,4,Infernape,https://img.pokemondb.net/sprites/omega-ruby-alpha-sapphire/dex/normal/infernape.png,Fire,Fighting
#393,4,Piplup,https://img.pokemondb.net/sprites/omega-ruby-alpha-sapphire/dex/normal/piplup.png,Water,
#394,4,Prinplup,https://img.pokemondb.net/sprites/omega-ruby-alpha-sapphire/dex/normal/prinplup.png,Water,
#395,4,Empoleon,https://img.pokemondb.net/sprites/omega-ruby-alpha-sapphire/dex/normal/empoleon.png,Water,Steel
#396,4,Starly,https://img.pokemondb.net/sprites/omega-ruby-alpha-sapphire/dex/normal/starly.png,Normal,Flying
#397,4,Staravia,https://img.pokemondb.net/sprites/omega-ruby-alpha-sapphire/dex/normal/staravia.png,Normal,Flying
#398,4,Staraptor,https://img.pokemondb.net/sprites/omega-ruby-alpha-sapphire/dex/normal/staraptor.png,Normal,Flying
#399,4,Bidoof,https://img.pokemondb.net/sprites/omega-ruby-alpha-sapphire/dex/normal/bidoof.png,Normal,
#400,4,Bibarel,https://img.pokemondb.net/sprites/omega-ruby-alpha-sapphire/dex/normal/bibarel.png,Normal,Water
#401,4,Kricketot,https://img.pokemondb.net/sprites/omega-ruby-alpha-sapphire/dex/normal/kricketot.png,Bug,
#402,4,Kricketune,https://img.pokemondb.net/sprites/omega-ruby-alpha-sapphire/dex/normal/kricketune.png,Bug,
#403,4,Shinx,https://img.pokemondb.net/sprites/omega-ruby-alpha-sapphire/dex/normal/shinx.png,Electric,
#404,4,Luxio,https://img.pokemondb.net/sprites/omega-ruby-alpha-sapphire/dex/normal/luxio.png,Electric,
#405,4,Luxray,https://img.pokemondb.net/sprites/omega-ruby-alpha-sapphire/dex/normal/luxray.png,Electric,
#406,4,Budew,https://img.pokemondb.net/sprites/omega-ruby-alpha-sapphire/dex/normal/budew.png,Grass,Poison
#407,4,Roserade,https://img.pokemondb.net/sprites/omega-ruby-alpha-sapphire/dex/normal/roserade.png,Grass,Poison
#408,4,Cranidos,https://img.pokemondb.net/sprites/omega-ruby-alpha-sapphire/dex/normal/cranidos.png,Rock,
#409,4,Rampardos,https://img.pokemondb.net/sprites/omega-ruby-alpha-sapphire/dex/normal/rampardos.png,Rock,
#410,4,Shieldon,https://img.pokemondb.net/sprites/omega-ruby-alpha-sapphire/dex/normal/shieldon.png,Rock,Steel
#411,4,Bastiodon,https://img.pokemondb.net/sprites/omega-ruby-alpha-sapphire/dex/normal/bastiodon.png,Rock,Steel
#412,4,Burmy,https://img.pokemondb.net/sprites/omega-ruby-alpha-sapphire/dex/normal/burmy.png,Bug,
#413,4,Wormadam (Plant Cloak),https://img.pokemondb.net/sprites/omega-ruby-alpha-sapphire/dex/normal/wormadam-plant.png,Bug,Grass
#414,4,Mothim,https://img.pokemondb.net/sprites/omega-ruby-alpha-sapphire/dex/normal/mothim.png,Bug,Flying
#415,4,Combee,https://img.pokemondb.net/sprites/omega-ruby-alpha-sapphire/dex/normal/combee.png,Bug,Flying
#416,4,Vespiquen,https://img.pokemondb.net/sprites/omega-ruby-alpha-sapphire/dex/normal/vespiquen.png,Bug,Flying
#417,4,Pachirisu,https://img.pokemondb.net/sprites/omega-ruby-alpha-sapphire/dex/normal/pachirisu.png,Electric,
#418,4,Buizel,https://img.pokemondb.net/sprites/omega-ruby-alpha-sapphire/dex/normal/buizel.png,Water,
#419,4,Floatzel,https://img.pokemondb.net/sprites/omega-ruby-alpha-sapphire/dex/normal/floatzel.png,Water,
#420,4,Cherubi,https://img.pokemondb.net/sprites/omega-ruby-alpha-sapphire/dex/normal/cherubi.png,Grass,
#421,4,Cherrim,https://img.pokemondb.net/sprites/omega-ruby-alpha-sapphire/dex/normal/cherrim.png,Grass,
#422,4,Shellos,https://img.pokemondb.net/sprites/omega-ruby-alpha-sapphire/dex/normal/shellos.png,Water,
#423,4,Gastrodon,https://img.pokemondb.net/sprites/omega-ruby-alpha-sapphire/dex/normal/gastrodon.png,Water,Ground
#424,4,Ambipom,https://img.pokemondb.net/sprites/omega-ruby-alpha-sapphire/dex/normal/ambipom.png,Normal,
#425,4,Drifloon,https://img.pokemondb.net/sprites/omega-ruby-alpha-sapphire/dex/normal/drifloon.png,Ghost,Flying
#426,4,Drifblim,https://img.pokemondb.net/sprites/omega-ruby-alpha-sapphire/dex/normal/drifblim.png,Ghost,Flying
#427,4,Buneary,https://img.pokemondb.net/sprites/omega-ruby-alpha-sapphire/dex/normal/buneary.png,Normal,
#428,4,Lopunny,https://img.pokemondb.net/sprites/omega-ruby-alpha-sapphire/dex/normal/lopunny.png,Normal,
#429,4,Mismagius,https://img.pokemondb.net/sprites/omega-ruby-alpha-sapphire/dex/normal/mismagius.png,Ghost,
#430,4,Honchkrow,https://img.pokemondb.net/sprites/omega-ruby-alpha-sapphire/dex/normal/honchkrow.png,Dark,Flying
#431,4,Glameow,https://img.pokemondb.net/sprites/omega-ruby-alpha-sapphire/dex/normal/glameow.png,Normal,
#432,4,Purugly,https://img.pokemondb.net/sprites/omega-ruby-alpha-sapphire/dex/normal/purugly.png,Normal,
#433,4,Chingling,https://img.pokemondb.net/sprites/omega-ruby-alpha-sapphire/dex/normal/chingling.png,Psychic,
#434,4,Stunky,https://img.pokemondb.net/sprites/omega-ruby-alpha-sapphire/dex/normal/stunky.png,Poison,Dark
#435,4,Skuntank,https://img.pokemondb.net/sprites/omega-ruby-alpha-sapphire/dex/normal/skuntank.png,Poison,Dark
#436,4,Bronzor,https://img.pokemondb.net/sprites/omega-ruby-alpha-sapphire/dex/normal/bronzor.png,Steel,Psychic
#437,4,Bronzong,https://img.pokemondb.net/sprites/omega-ruby-alpha-sapphire/dex/normal/bronzong.png,Steel,Psychic
#438,4,Bonsly,https://img.pokemondb.net/sprites/omega-ruby-alpha-sapphire/dex/normal/bonsly.png,Rock,
#439,4,Mime Jr.,https://img.pokemondb.net/sprites/omega-ruby-alpha-sapphire/dex/normal/mime-jr.png,Psychic,Fairy
#440,4,Happiny,https://img.pokemondb.net/sprites/omega-ruby-alpha-sapphire/dex/normal/happiny.png,Normal,
#441,4,Chatot,https://img.pokemondb.net/sprites/omega-ruby-alpha-sapphire/dex/normal/chatot.png,Normal,Flying
#442,4,Spiritomb,https://img.pokemondb.net/sprites/omega-ruby-alpha-sapphire/dex/normal/spiritomb.png,Ghost,Dark
#443,4,Gible,https://img.pokemondb.net/sprites/omega-ruby-alpha-sapphire/dex/normal/gible.png,Dragon,Ground
#444,4,Gabite,https://img.pokemondb.net/sprites/omega-ruby-alpha-sapphire/dex/normal/gabite.png,Dragon,Ground
#445,4,Garchomp,https://img.pokemondb.net/sprites/omega-ruby-alpha-sapphire/dex/normal/garchomp.png,Dragon,Ground
#446,4,Munchlax,https://img.pokemondb.net/sprites/omega-ruby-alpha-sapphire/dex/normal/munchlax.png,Normal,
#447,4,Riolu,https://img.pokemondb.net/sprites/omega-ruby-alpha-sapphire/dex/normal/riolu.png,Fighting,
#448,4,Lucario,https://img.pokemondb.net/sprites/omega-ruby-alpha-sapphire/dex/normal/lucario.png,Fighting,Steel
#449,4,Hippopotas,https://img.pokemondb.net/sprites/omega-ruby-alpha-sapphire/dex/normal/hippopotas.png,Ground,
#450,4,Hippowdon,https://img.pokemondb.net/sprites/omega-ruby-alpha-sapphire/dex/normal/hippowdon.png,Ground,
#451,4,Skorupi,https://img.pokemondb.net/sprites/omega-ruby-alpha-sapphire/dex/normal/skorupi.png,Poison,Bug
#452,4,Drapion,https://img.pokemondb.net/sprites/omega-ruby-alpha-sapphire/dex/normal/drapion.png,Poison,Dark
#453,4,Croagunk,https://img.pokemondb.net/sprites/omega-ruby-alpha-sapphire/dex/normal/croagunk.png,Poison,Fighting
#454,4,Toxicroak,https://img.pokemondb.net/sprites/omega-ruby-alpha-sapphire/dex/normal/toxicroak.png,Poison,Fighting
#455,4,Carnivine,https://img.pokemondb.net/sprites/omega-ruby-alpha-sapphire/dex/normal/carnivine.png,Grass,
#456,4,Finneon,https://img.pokemondb.net/sprites/omega-ruby-alpha-sapphire/dex/normal/finneon.png,Water,
#457,4,Lumineon,https://img.pokemondb.net/sprites/omega-ruby-alpha-sapphire/dex/normal/lumineon.png,Water,
#458,4,Mantyke,https://img.pokemondb.net/sprites/omega-ruby-alpha-sapphire/dex/normal/mantyke.png,Water,Flying
#459,4,Snover,https://img.pokemondb.net/sprites/omega-ruby-alpha-sapphire/dex/normal/snover.png,Grass,Ice
#460,4,Abomasnow,https://img.pokemondb.net/sprites/omega-ruby-alpha-sapphire/dex/normal/abomasnow.png,Grass,Ice
#461,4,Weavile,https://img.pokemondb.net/sprites/omega-ruby-alpha-sapphire/dex/normal/weavile.png,Dark,Ice
#462,4,Magnezone,https://img.pokemondb.net/sprites/omega-ruby-alpha-sapphire/dex/normal/magnezone.png,Electric,Steel
#463,4,Lickilicky,https://img.pokemondb.net/sprites/omega-ruby-alpha-sapphire/dex/normal/lickilicky.png,Normal,
#464,4,Rhyperior,https://img.pokemondb.net/sprites/omega-ruby-alpha-sapphire/dex/normal/rhyperior.png,Ground,Rock
#465,4,Tangrowth,https://img.pokemondb.net/sprites/omega-ruby-alpha-sapphire/dex/normal/tangrowth.png,Grass,
#466,4,Electivire,https://img.pokemondb.net/sprites/omega-ruby-alpha-sapphire/dex/normal/electivire.png,Electric,
#467,4,Magmortar,https://img.pokemondb.net/sprites/omega-ruby-alpha-sapphire/dex/normal/magmortar.png,Fire,
#468,4,Togekiss,https://img.pokemondb.net/sprites/omega-ruby-alpha-sapphire/dex/normal/togekiss.png,Fairy,Flying
#469,4,Yanmega,https://img.pokemondb.net/sprites/omega-ruby-alpha-sapphire/dex/normal/yanmega.png,Bug,Flying
#470,4,Leafeon,https://img.pokemondb.net/sprites/omega-ruby-alpha-sapphire/dex/normal/leafeon.png,Grass,
#471,4,Glaceon,https://img.pokemondb.net/sprites/omega-ruby-alpha-sapphire/dex/normal/glaceon.png,Ice,
#472,4,Gliscor,https://img.pokemondb.net/sprites/omega-ruby-alpha-sapphire/dex/normal/gliscor.png,Ground,Flying
#473,4,Mamoswine,https://img.pokemondb.net/sprites/omega-ruby-alpha-sapphire/dex/normal/mamoswine.png,Ice,Ground
#474,4,Porygon-Z,https://img.pokemondb.net/sprites/omega-ruby-alpha-sapphire/dex/normal/porygon-z.png,Normal,
#475,4,Gallade,https://img.pokemondb.net/sprites/omega-ruby-alpha-sapphire/dex/normal/gallade.png,Psychic,Fighting
#476,4,Probopass,https://img.pokemondb.net/sprites/omega-ruby-alpha-sapphire/dex/normal/probopass.png,Rock,Steel
#477,4,Dusknoir,https://img.pokemondb.net/sprites/omega-ruby-alpha-sapphire/dex/normal/dusknoir.png,Ghost,
#478,4,Froslass,https://img.pokemondb.net/sprites/omega-ruby-alpha-sapphire/dex/normal/froslass.png,Ice,Ghost
#479,4,Rotom,https://img.pokemondb.net/sprites/omega-ruby-alpha-sapphire/dex/normal/rotom.png,Electric,Ghost
#480,4,Uxie,https://img.pokemondb.net/sprites/omega-ruby-alpha-sapphire/dex/normal/uxie.png,Psychic,
#481,4,Mesprit,https://img.pokemondb.net/sprites/omega-ruby-alpha-sapphire/dex/normal/mesprit.png,Psychic,
#482,4,Azelf,https://img.pokemondb.net/sprites/omega-ruby-alpha-sapphire/dex/normal/azelf.png,Psychic,
#483,4,Dialga,https://img.pokemondb.net/sprites/omega-ruby-alpha-sapphire/dex/normal/dialga.png,Steel,Dragon
#484,4,Palkia,https://img.pokemondb.net/sprites/omega-ruby-alpha-sapphire/dex/normal/palkia.png,Water,Dragon
#485,4,Heatran,https://img.pokemondb.net/sprites/omega-ruby-alpha-sapphire/dex/normal/heatran.png,Fire,Steel
#486,4,Regigigas,https://img.pokemondb.net/sprites/omega-ruby-alpha-sapphire/dex/normal/regigigas.png,Normal,
#487,4,Giratina (Altered Forme),https://img.pokemondb.net/sprites/omega-ruby-alpha-sapphire/dex/normal/giratina-altered.png,Ghost,Dragon
#488,4,Cresselia,https://img.pokemondb.net/sprites/omega-ruby-alpha-sapphire/dex/normal/cresselia.png,Psychic,
#489,4,Phione,https://img.pokemondb.net/sprites/omega-ruby-alpha-sapphire/dex/normal/phione.png,Water,
#490,4,Manaphy,https://img.pokemondb.net/sprites/omega-ruby-alpha-sapphire/dex/normal/manaphy.png,Water,
#491,4,Darkrai,https://img.pokemondb.net/sprites/omega-ruby-alpha-sapphire/dex/normal/darkrai.png,Dark,
#492,4,Shaymin (Land Forme),https://img.pokemondb.net/sprites/omega-ruby-alpha-sapphire/dex/normal/shaymin-land.png,Grass,
#493,4,Arceus,https://img.pokemondb.net/sprites/omega-ruby-alpha-sapphire/dex/normal/arceus.png,Normal,
#494,5,Victini,https://img.pokemondb.net/sprites/omega-ruby-alpha-sapphire/dex/normal/victini.png,Psychic,Fire
#495,5,Snivy,https://img.pokemondb.net/sprites/omega-ruby-alpha-sapphire/dex/normal/snivy.png,Grass,
#496,5,Servine,https://img.pokemondb.net/sprites/omega-ruby-alpha-sapphire/dex/normal/servine.png,Grass,
#497,5,Serperior,https://img.pokemondb.net/sprites/omega-ruby-alpha-sapphire/dex/normal/serperior.png,Grass,
#498,5,Tepig,https://img.pokemondb.net/sprites/omega-ruby-alpha-sapphire/dex/normal/tepig.png,Fire,
#499,5,Pignite,https://img.pokemondb.net/sprites/omega-ruby-alpha-sapphire/dex/normal/pignite.png,Fire,Fighting
#500,5,Emboar,https://img.pokemondb.net/sprites/omega-ruby-alpha-sapphire/dex/normal/emboar.png,Fire,Fighting
#501,5,Oshawott,https://img.pokemondb.net/sprites/omega-ruby-alpha-sapphire/dex/normal/oshawott.png,Water,
#502,5,Dewott,https://img.pokemondb.net/sprites/omega-ruby-alpha-sapphire/dex/normal/dewott.png,Water,
#503,5,Samurott,https://img.pokemondb.net/sprites/omega-ruby-alpha-sapphire/dex/normal/samurott.png,Water,
#504,5,Patrat,https://img.pokemondb.net/sprites/omega-ruby-alpha-sapphire/dex/normal/patrat.png,Normal,
#505,5,Watchog,https://img.pokemondb.net/sprites/omega-ruby-alpha-sapphire/dex/normal/watchog.png,Normal,
#506,5,Lillipup,https://img.pokemondb.net/sprites/omega-ruby-alpha-sapphire/dex/normal/lillipup.png,Normal,
#507,5,Herdier,https://img.pokemondb.net/sprites/omega-ruby-alpha-sapphire/dex/normal/herdier.png,Normal,
#508,5,Stoutland,https://img.pokemondb.net/sprites/omega-ruby-alpha-sapphire/dex/normal/stoutland.png,Normal,
#509,5,Purrloin,https://img.pokemondb.net/sprites/omega-ruby-alpha-sapphire/dex/normal/purrloin.png,Dark,
#510,5,Liepard,https://img.pokemondb.net/sprites/omega-ruby-alpha-sapphire/dex/normal/liepard.png,Dark,
#511,5,Pansage,https://img.pokemondb.net/sprites/omega-ruby-alpha-sapphire/dex/normal/pansage.png,Grass,
#512,5,Simisage,https://img.pokemondb.net/sprites/omega-ruby-alpha-sapphire/dex/normal/simisage.png,Grass,
#513,5,Pansear,https://img.pokemondb.net/sprites/omega-ruby-alpha-sapphire/dex/normal/pansear.png,Fire,
#514,5,Simisear,https://img.pokemondb.net/sprites/omega-ruby-alpha-sapphire/dex/normal/simisear.png,Fire,
#515,5,Panpour,https://img.pokemondb.net/sprites/omega-ruby-alpha-sapphire/dex/normal/panpour.png,Water,
#516,5,Simipour,https://img.pokemondb.net/sprites/omega-ruby-alpha-sapphire/dex/normal/simipour.png,Water,
#517,5,Munna,https://img.pokemondb.net/sprites/omega-ruby-alpha-sapphire/dex/normal/munna.png,Psychic,
#518,5,Musharna,https://img.pokemondb.net/sprites/omega-ruby-alpha-sapphire/dex/normal/musharna.png,Psychic,
#519,5,Pidove,https://img.pokemondb.net/sprites/omega-ruby-alpha-sapphire/dex/normal/pidove.png,Normal,Flying
#520,5,Tranquill,https://img.pokemondb.net/sprites/omega-ruby-alpha-sapphire/dex/normal/tranquill.png,Normal,Flying
#521,5,Unfezant,https://img.pokemondb.net/sprites/omega-ruby-alpha-sapphire/dex/normal/unfezant.png,Normal,Flying
#522,5,Blitzle,https://img.pokemondb.net/sprites/omega-ruby-alpha-sapphire/dex/normal/blitzle.png,Electric,
#523,5,Zebstrika,https://img.pokemondb.net/sprites/omega-ruby-alpha-sapphire/dex/normal/zebstrika.png,Electric,
#524,5,Roggenrola,https://img.pokemondb.net/sprites/omega-ruby-alpha-sapphire/dex/normal/roggenrola.png,Rock,
#525,5,Boldore,https://img.pokemondb.net/sprites/omega-ruby-alpha-sapphire/dex/normal/boldore.png,Rock,
#526,5,Gigalith,https://img.pokemondb.net/sprites/omega-ruby-alpha-sapphire/dex/normal/gigalith.png,Rock,
#527,5,Woobat,https://img.pokemondb.net/sprites/omega-ruby-alpha-sapphire/dex/normal/woobat.png,Psychic,Flying
#528,5,Swoobat,https://img.pokemondb.net/sprites/omega-ruby-alpha-sapphire/dex/normal/swoobat.png,Psychic,Flying
#529,5,Drilbur,https://img.pokemondb.net/sprites/omega-ruby-alpha-sapphire/dex/normal/drilbur.png,Ground,
#530,5,Excadrill,https://img.pokemondb.net/sprites/omega-ruby-alpha-sapphire/dex/normal/excadrill.png,Ground,Steel
#531,5,Audino,https://img.pokemondb.net/sprites/omega-ruby-alpha-sapphire/dex/normal/audino.png,Normal,
#532,5,Timburr,https://img.pokemondb.net/sprites/omega-ruby-alpha-sapphire/dex/normal/timburr.png,Fighting,
#533,5,Gurdurr,https://img.pokemondb.net/sprites/omega-ruby-alpha-sapphire/dex/normal/gurdurr.png,Fighting,
#534,5,Conkeldurr,https://img.pokemondb.net/sprites/omega-ruby-alpha-sapphire/dex/normal/conkeldurr.png,Fighting,
#535,5,Tympole,https://img.pokemondb.net/sprites/omega-ruby-alpha-sapphire/dex/normal/tympole.png,Water,
#536,5,Palpitoad,https://img.pokemondb.net/sprites/omega-ruby-alpha-sapphire/dex/normal/palpitoad.png,Water,Ground
#537,5,Seismitoad,https://img.pokemondb.net/sprites/omega-ruby-alpha-sapphire/dex/normal/seismitoad.png,Water,Ground
#538,5,Throh,https://img.pokemondb.net/sprites/omega-ruby-alpha-sapphire/dex/normal/throh.png,Fighting,
#539,5,Sawk,https://img.pokemondb.net/sprites/omega-ruby-alpha-sapphire/dex/normal/sawk.png,Fighting,
#540,5,Sewaddle,https://img.pokemondb.net/sprites/omega-ruby-alpha-sapphire/dex/normal/sewaddle.png,Bug,Grass
#541,5,Swadloon,https://img.pokemondb.net/sprites/omega-ruby-alpha-sapphire/dex/normal/swadloon.png,Bug,Grass
#542,5,Leavanny,https://img.pokemondb.net/sprites/omega-ruby-alpha-sapphire/dex/normal/leavanny.png,Bug,Grass
#543,5,Venipede,https://img.pokemondb.net/sprites/omega-ruby-alpha-sapphire/dex/normal/venipede.png,Bug,Poison
#544,5,Whirlipede,https://img.pokemondb.net/sprites/omega-ruby-alpha-sapphire/dex/normal/whirlipede.png,Bug,Poison
#545,5,Scolipede,https://img.pokemondb.net/sprites/omega-ruby-alpha-sapphire/dex/normal/scolipede.png,Bug,Poison
#546,5,Cottonee,https://img.pokemondb.net/sprites/omega-ruby-alpha-sapphire/dex/normal/cottonee.png,Grass,Fairy
#547,5,Whimsicott,https://img.pokemondb.net/sprites/omega-ruby-alpha-sapphire/dex/normal/whimsicott.png,Grass,Fairy
#548,5,Petilil,https://img.pokemondb.net/sprites/omega-ruby-alpha-sapphire/dex/normal/petilil.png,Grass,
#549,5,Lilligant,https://img.pokemondb.net/sprites/omega-ruby-alpha-sapphire/dex/normal/lilligant.png,Grass,
#550,5,Basculin (Red-Striped Form),https://img.pokemondb.net/sprites/omega-ruby-alpha-sapphire/dex/normal/basculin-red-striped.png,Water,
#551,5,Sandile,https://img.pokemondb.net/sprites/omega-ruby-alpha-sapphire/dex/normal/sandile.png,Ground,Dark
#552,5,Krokorok,https://img.pokemondb.net/sprites/omega-ruby-alpha-sapphire/dex/normal/krokorok.png,Ground,Dark
#553,5,Krookodile,https://img.pokemondb.net/sprites/omega-ruby-alpha-sapphire/dex/normal/krookodile.png,Ground,Dark
#554,5,Darumaka,https://img.pokemondb.net/sprites/omega-ruby-alpha-sapphire/dex/normal/darumaka.png,Fire,
#555,5,Darmanitan (Standard Mode),https://img.pokemondb.net/sprites/omega-ruby-alpha-sapphire/dex/normal/darmanitan-standard.png,Fire,
#556,5,Maractus,https://img.pokemondb.net/sprites/omega-ruby-alpha-sapphire/dex/normal/maractus.png,Grass,
#557,5,Dwebble,https://img.pokemondb.net/sprites/omega-ruby-alpha-sapphire/dex/normal/dwebble.png,Bug,Rock
#558,5,Crustle,https://img.pokemondb.net/sprites/omega-ruby-alpha-sapphire/dex/normal/crustle.png,Bug,Rock
#559,5,Scraggy,https://img.pokemondb.net/sprites/omega-ruby-alpha-sapphire/dex/normal/scraggy.png,Dark,Fighting
#560,5,Scrafty,https://img.pokemondb.net/sprites/omega-ruby-alpha-sapphire/dex/normal/scrafty.png,Dark,Fighting
#561,5,Sigilyph,https://img.pokemondb.net/sprites/omega-ruby-alpha-sapphire/dex/normal/sigilyph.png,Psychic,Flying
#562,5,Yamask,https://img.pokemondb.net/sprites/omega-ruby-alpha-sapphire/dex/normal/yamask.png,Ghost,
#563,5,Cofagrigus,https://img.pokemondb.net/sprites/omega-ruby-alpha-sapphire/dex/normal/cofagrigus.png,Ghost,
#564,5,Tirtouga,https://img.pokemondb.net/sprites/omega-ruby-alpha-sapphire/dex/normal/tirtouga.png,Water,Rock
#565,5,Carracosta,https://img.pokemondb.net/sprites/omega-ruby-alpha-sapphire/dex/normal/carracosta.png,Water,Rock
#566,5,Archen,https://img.pokemondb.net/sprites/omega-ruby-alpha-sapphire/dex/normal/archen.png,Rock,Flying
#567,5,Archeops,https://img.pokemondb.net/sprites/omega-ruby-alpha-sapphire/dex/normal/archeops.png,Rock,Flying
#568,5,Trubbish,https://img.pokemondb.net/sprites/omega-ruby-alpha-sapphire/dex/normal/trubbish.png,Poison,
#569,5,Garbodor,https://img.pokemondb.net/sprites/omega-ruby-alpha-sapphire/dex/normal/garbodor.png,Poison,
#570,5,Zorua,https://img.pokemondb.net/sprites/omega-ruby-alpha-sapphire/dex/normal/zorua.png,Dark,
#571,5,Zoroark,https://img.pokemondb.net/sprites/omega-ruby-alpha-sapphire/dex/normal/zoroark.png,Dark,
#572,5,Minccino,https://img.pokemondb.net/sprites/omega-ruby-alpha-sapphire/dex/normal/minccino.png,Normal,
#573,5,Cinccino,https://img.pokemondb.net/sprites/omega-ruby-alpha-sapphire/dex/normal/cinccino.png,Normal,
#574,5,Gothita,https://img.pokemondb.net/sprites/omega-ruby-alpha-sapphire/dex/normal/gothita.png,Psychic,
#575,5,Gothorita,https://img.pokemondb.net/sprites/omega-ruby-alpha-sapphire/dex/normal/gothorita.png,Psychic,
#576,5,Gothitelle,https://img.pokemondb.net/sprites/omega-ruby-alpha-sapphire/dex/normal/gothitelle.png,Psychic,
#577,5,Solosis,https://img.pokemondb.net/sprites/omega-ruby-alpha-sapphire/dex/normal/solosis.png,Psychic,
#578,5,Duosion,https://img.pokemondb.net/sprites/omega-ruby-alpha-sapphire/dex/normal/duosion.png,Psychic,
#579,5,Reuniclus,https://img.pokemondb.net/sprites/omega-ruby-alpha-sapphire/dex/normal/reuniclus.png,Psychic,
#580,5,Ducklett,https://img.pokemondb.net/sprites/omega-ruby-alpha-sapphire/dex/normal/ducklett.png,Water,Flying
#581,5,Swanna,https://img.pokemondb.net/sprites/omega-ruby-alpha-sapphire/dex/normal/swanna.png,Water,Flying
#582,5,Vanillite,https://img.pokemondb.net/sprites/omega-ruby-alpha-sapphire/dex/normal/vanillite.png,Ice,
#583,5,Vanillish,https://img.pokemondb.net/sprites/omega-ruby-alpha-sapphire/dex/normal/vanillish.png,Ice,
#584,5,Vanilluxe,https://img.pokemondb.net/sprites/omega-ruby-alpha-sapphire/dex/normal/vanilluxe.png,Ice,
#585,5,Deerling,https://img.pokemondb.net/sprites/omega-ruby-alpha-sapphire/dex/normal/deerling.png,Normal,Grass
#586,5,Sawsbuck,https://img.pokemondb.net/sprites/omega-ruby-alpha-sapphire/dex/normal/sawsbuck.png,Normal,Grass
#587,5,Emolga,https://img.pokemondb.net/sprites/omega-ruby-alpha-sapphire/dex/normal/emolga.png,Electric,Flying
#588,5,Karrablast,https://img.pokemondb.net/sprites/omega-ruby-alpha-sapphire/dex/normal/karrablast.png,Bug,
#589,5,Escavalier,https://img.pokemondb.net/sprites/omega-ruby-alpha-sapphire/dex/normal/escavalier.png,Bug,Steel
#590,5,Foongus,https://img.pokemondb.net/sprites/omega-ruby-alpha-sapphire/dex/normal/foongus.png,Grass,Poison
#591,5,Amoonguss,https://img.pokemondb.net/sprites/omega-ruby-alpha-sapphire/dex/normal/amoonguss.png,Grass,Poison
#592,5,Frillish,https://img.pokemondb.net/sprites/omega-ruby-alpha-sapphire/dex/normal/frillish.png,Water,Ghost
#593,5,Jellicent,https://img.pokemondb.net/sprites/omega-ruby-alpha-sapphire/dex/normal/jellicent.png,Water,Ghost
#594,5,Alomomola,https://img.pokemondb.net/sprites/omega-ruby-alpha-sapphire/dex/normal/alomomola.png,Water,
#595,5,Joltik,https://img.pokemondb.net/sprites/omega-ruby-alpha-sapphire/dex/normal/joltik.png,Bug,Electric
#596,5,Galvantula,https://img.pokemondb.net/sprites/omega-ruby-alpha-sapphire/dex/normal/galvantula.png,Bug,Electric
#597,5,Ferroseed,https://img.pokemondb.net/sprites/omega-ruby-alpha-sapphire/dex/normal/ferroseed.png,Grass,Steel
#598,5,Ferrothorn,https://img.pokemondb.net/sprites/omega-ruby-alpha-sapphire/dex/normal/ferrothorn.png,Grass,Steel
#599,5,Klink,https://img.pokemondb.net/sprites/omega-ruby-alpha-sapphire/dex/normal/klink.png,Steel,
#600,5,Klang,https://img.pokemondb.net/sprites/omega-ruby-alpha-sapphire/dex/normal/klang.png,Steel,
#601,5,Klinklang,https://img.pokemondb.net/sprites/omega-ruby-alpha-sapphire/dex/normal/klinklang.png,Steel,
#602,5,Tynamo,https://img.pokemondb.net/sprites/omega-ruby-alpha-sapphire/dex/normal/tynamo.png,Electric,
#603,5,Eelektrik,https://img.pokemondb.net/sprites/omega-ruby-alpha-sapphire/dex/normal/eelektrik.png,Electric,
#604,5,Eelektross,https://img.pokemondb.net/sprites/omega-ruby-alpha-sapphire/dex/normal/eelektross.png,Electric,
#605,5,Elgyem,https://img.pokemondb.net/sprites/omega-ruby-alpha-sapphire/dex/normal/elgyem.png,Psychic,
#606,5,Beheeyem,https://img.pokemondb.net/sprites/omega-ruby-alpha-sapphire/dex/normal/beheeyem.png,Psychic,
#607,5,Litwick,https://img.pokemondb.net/sprites/omega-ruby-alpha-sapphire/dex/normal/litwick.png,Ghost,Fire
#608,5,Lampent,https://img.pokemondb.net/sprites/omega-ruby-alpha-sapphire/dex/normal/lampent.png,Ghost,Fire
#609,5,Chandelure,https://img.pokemondb.net/sprites/omega-ruby-alpha-sapphire/dex/normal/chandelure.png,Ghost,Fire
#610,5,Axew,https://img.pokemondb.net/sprites/omega-ruby-alpha-sapphire/dex/normal/axew.png,Dragon,
#611,5,Fraxure,https://img.pokemondb.net/sprites/omega-ruby-alpha-sapphire/dex/normal/fraxure.png,Dragon,
#612,5,Haxorus,https://img.pokemondb.net/sprites/omega-ruby-alpha-sapphire/dex/normal/haxorus.png,Dragon,
#613,5,Cubchoo,https://img.pokemondb.net/sprites/omega-ruby-alpha-sapphire/dex/normal/cubchoo.png,Ice,
#614,5,Beartic,https://img.pokemondb.net/sprites/omega-ruby-alpha-sapphire/dex/normal/beartic.png,Ice,
#615,5,Cryogonal,https://img.pokemondb.net/sprites/omega-ruby-alpha-sapphire/dex/normal/cryogonal.png,Ice,
#616,5,Shelmet,https://img.pokemondb.net/sprites/omega-ruby-alpha-sapphire/dex/normal/shelmet.png,Bug,
#617,5,Accelgor,https://img.pokemondb.net/sprites/omega-ruby-alpha-sapphire/dex/normal/accelgor.png,Bug,
#618,5,Stunfisk,https://img.pokemondb.net/sprites/omega-ruby-alpha-sapphire/dex/normal/stunfisk.png,Ground,Electric
#619,5,Mienfoo,https://img.pokemondb.net/sprites/omega-ruby-alpha-sapphire/dex/normal/mienfoo.png,Fighting,
#620,5,Mienshao,https://img.pokemondb.net/sprites/omega-ruby-alpha-sapphire/dex/normal/mienshao.png,Fighting,
#621,5,Druddigon,https://img.pokemondb.net/sprites/omega-ruby-alpha-sapphire/dex/normal/druddigon.png,Dragon,
#622,5,Golett,https://img.pokemondb.net/sprites/omega-ruby-alpha-sapphire/dex/normal/golett.png,Ground,Ghost
#623,5,Golurk,https://img.pokemondb.net/sprites/omega-ruby-alpha-sapphire/dex/normal/golurk.png,Ground,Ghost
#624,5,Pawniard,https://img.pokemondb.net/sprites/omega-ruby-alpha-sapphire/dex/normal/pawniard.png,Dark,Steel
#625,5,Bisharp,https://img.pokemondb.net/sprites/omega-ruby-alpha-sapphire/dex/normal/bisharp.png,Dark,Steel
#626,5,Bouffalant,https://img.pokemondb.net/sprites/omega-ruby-alpha-sapphire/dex/normal/bouffalant.png,Normal,
#627,5,Rufflet,https://img.pokemondb.net/sprites/omega-ruby-alpha-sapphire/dex/normal/rufflet.png,Normal,Flying
#628,5,Braviary,https://img.pokemondb.net/sprites/omega-ruby-alpha-sapphire/dex/normal/braviary.png,Normal,Flying
#629,5,Vullaby,https://img.pokemondb.net/sprites/omega-ruby-alpha-sapphire/dex/normal/vullaby.png,Dark,Flying
#630,5,Mandibuzz,https://img.pokemondb.net/sprites/omega-ruby-alpha-sapphire/dex/normal/mandibuzz.png,Dark,Flying
#631,5,Heatmor,https://img.pokemondb.net/sprites/omega-ruby-alpha-sapphire/dex/normal/heatmor.png,Fire,
#632,5,Durant,https://img.pokemondb.net/sprites/omega-ruby-alpha-sapphire/dex/normal/durant.png,Bug,Steel
#633,5,Deino,https://img.pokemondb.net/sprites/omega-ruby-alpha-sapphire/dex/normal/deino.png,Dark,Dragon
#634,5,Zweilous,https://img.pokemondb.net/sprites/omega-ruby-alpha-sapphire/dex/normal/zweilous.png,Dark,Dragon
#635,5,Hydreigon,https://img.pokemondb.net/sprites/omega-ruby-alpha-sapphire/dex/normal/hydreigon.png,Dark,Dragon
#636,5,Larvesta,https://img.pokemondb.net/sprites/omega-ruby-alpha-sapphire/dex/normal/larvesta.png,Bug,Fire
#637,5,Volcarona,https://img.pokemondb.net/sprites/omega-ruby-alpha-sapphire/dex/normal/volcarona.png,Bug,Fire
#638,5,Cobalion,https://img.pokemondb.net/sprites/omega-ruby-alpha-sapphire/dex/normal/cobalion.png,Steel,Fighting
#639,5,Terrakion,https://img.pokemondb.net/sprites/omega-ruby-alpha-sapphire/dex/normal/terrakion.png,Rock,Fighting
#640,5,Virizion,https://img.pokemondb.net/sprites/omega-ruby-alpha-sapphire/dex/normal/virizion.png,Grass,Fighting
#641,5,Tornadus (Incarnate Forme),https://img.pokemondb.net/sprites/omega-ruby-alpha-sapphire/dex/normal/tornadus-incarnate.png,Flying,
#642,5,Thundurus (Incarnate Forme),https://img.pokemondb.net/sprites/omega-ruby-alpha-sapphire/dex/normal/thundurus-incarnate.png,Electric,Flying
#643,5,Reshiram,https://img.pokemondb.net/sprites/omega-ruby-alpha-sapphire/dex/normal/reshiram.png,Dragon,Fire
#644,5,Zekrom,https://img.pokemondb.net/sprites/omega-ruby-alpha-sapphire/dex/normal/zekrom.png,Dragon,Electric
#645,5,Landorus (Incarnate Forme),https://img.pokemondb.net/sprites/omega-ruby-alpha-sapphire/dex/normal/landorus-incarnate.png,Ground,Flying
#646,5,Kyurem,https://img.pokemondb.net/sprites/omega-ruby-alpha-sapphire/dex/normal/kyurem.png,Dragon,Ice
#647,5,Keldeo (Ordinary Forme),https://img.pokemondb.net/sprites/omega-ruby-alpha-sapphire/dex/normal/keldeo-ordinary.png,Water,Fighting
#648,5,Meloetta (Aria Forme),https://img.pokemondb.net/sprites/omega-ruby-alpha-sapphire/dex/normal/meloetta-aria.png,Normal,Psychic
#649,5,Genesect,https://img.pokemondb.net/sprites/omega-ruby-alpha-sapphire/dex/normal/genesect.png,Bug,Steel
#650,6,Chespin,https://img.pokemondb.net/sprites/omega-ruby-alpha-sapphire/dex/normal/chespin.png,Grass,
#651,6,Quilladin,https://img.pokemondb.net/sprites/omega-ruby-alpha-sapphire/dex/normal/quilladin.png,Grass,
#652,6,Chesnaught,https://img.pokemondb.net/sprites/omega-ruby-alpha-sapphire/dex/normal/chesnaught.png,Grass,Fighting
#653,6,Fennekin,https://img.pokemondb.net/sprites/omega-ruby-alpha-sapphire/dex/normal/fennekin.png,Fire,
#654,6,Braixen,https://img.pokemondb.net/sprites/omega-ruby-alpha-sapphire/dex/normal/braixen.png,Fire,
#655,6,Delphox,https://img.pokemondb.net/sprites/omega-ruby-alpha-sapphire/dex/normal/delphox.png,Fire,Psychic
#656,6,Froakie,https://img.pokemondb.net/sprites/omega-ruby-alpha-sapphire/dex/normal/froakie.png,Water,
#657,6,Frogadier,https://img.pokemondb.net/sprites/omega-ruby-alpha-sapphire/dex/normal/frogadier.png,Water,
#658,6,Greninja,https://img.pokemondb.net/sprites/omega-ruby-alpha-sapphire/dex/normal/greninja.png,Water,Dark
#659,6,Bunnelby,https://img.pokemondb.net/sprites/omega-ruby-alpha-sapphire/dex/normal/bunnelby.png,Normal,
#660,6,Diggersby,https://img.pokemondb.net/sprites/omega-ruby-alpha-sapphire/dex/normal/diggersby.png,Normal,Ground
#661,6,Fletchling,https://img.pokemondb.net/sprites/omega-ruby-alpha-sapphire/dex/normal/fletchling.png,Normal,Flying
#662,6,Fletchinder,https://img.pokemondb.net/sprites/omega-ruby-alpha-sapphire/dex/normal/fletchinder.png,Fire,Flying
#663,6,Talonflame,https://img.pokemondb.net/sprites/omega-ruby-alpha-sapphire/dex/normal/talonflame.png,Fire,Flying
#664,6,Scatterbug,https://img.pokemondb.net/sprites/omega-ruby-alpha-sapphire/dex/normal/scatterbug.png,Bug,
#665,6,Spewpa,https://img.pokemondb.net/sprites/omega-ruby-alpha-sapphire/dex/normal/spewpa.png,Bug,
#666,6,Vivillon,https://img.pokemondb.net/sprites/omega-ruby-alpha-sapphire/dex/normal/vivillon.png,Bug,Flying
#667,6,Litleo,https://img.pokemondb.net/sprites/omega-ruby-alpha-sapphire/dex/normal/litleo.png,Fire,Normal
#668,6,Pyroar,https://img.pokemondb.net/sprites/omega-ruby-alpha-sapphire/dex/normal/pyroar.png,Fire,Normal
#669,6,Flabébé,https://img.pokemondb.net/sprites/omega-ruby-alpha-sapphire/dex/normal/flabebe.png,Fairy,
#670,6,Floette,https://img.pokemondb.net/sprites/omega-ruby-alpha-sapphire/dex/normal/floette.png,Fairy,
#671,6,Florges,https://img.pokemondb.net/sprites/omega-ruby-alpha-sapphire/dex/normal/florges.png,Fairy,
#672,6,Skiddo,https://img.pokemondb.net/sprites/omega-ruby-alpha-sapphire/dex/normal/skiddo.png,Grass,
#673,6,Gogoat,https://img.pokemondb.net/sprites/omega-ruby-alpha-sapphire/dex/normal/gogoat.png,Grass,
#674,6,Pancham,https://img.pokemondb.net/sprites/omega-ruby-alpha-sapphire/dex/normal/pancham.png,Fighting,
#675,6,Pangoro,https://img.pokemondb.net/sprites/omega-ruby-alpha-sapphire/dex/normal/pangoro.png,Fighting,Dark
#676,6,Furfrou,https://img.pokemondb.net/sprites/omega-ruby-alpha-sapphire/dex/normal/furfrou.png,Normal,
#677,6,Espurr,https://img.pokemondb.net/sprites/omega-ruby-alpha-sapphire/dex/normal/espurr.png,Psychic,
#678,6,Meowstic (Male),https://img.pokemondb.net/sprites/omega-ruby-alpha-sapphire/dex/normal/meowstic-male.png,Psychic,
#679,6,Honedge,https://img.pokemondb.net/sprites/omega-ruby-alpha-sapphire/dex/normal/honedge.png,Steel,Ghost
#680,6,Doublade,https://img.pokemondb.net/sprites/omega-ruby-alpha-sapphire/dex/normal/doublade.png,Steel,Ghost
#681,6,Aegislash (Shield Forme),https://img.pokemondb.net/sprites/omega-ruby-alpha-sapphire/dex/normal/aegislash-shield.png,Steel,Ghost
#682,6,Spritzee,https://img.pokemondb.net/sprites/omega-ruby-alpha-sapphire/dex/normal/spritzee.png,Fairy,
#683,6,Aromatisse,https://img.pokemondb.net/sprites/omega-ruby-alpha-sapphire/dex/normal/aromatisse.png,Fairy,
#684,6,Swirlix,https://img.pokemondb.net/sprites/omega-ruby-alpha-sapphire/dex/normal/swirlix.png,Fairy,
#685,6,Slurpuff,https://img.pokemondb.net/sprites/omega-ruby-alpha-sapphire/dex/normal/slurpuff.png,Fairy,
#686,6,Inkay,https://img.pokemondb.net/sprites/omega-ruby-alpha-sapphire/dex/normal/inkay.png,Dark,Psychic
#687,6,Malamar,https://img.pokemondb.net/sprites/omega-ruby-alpha-sapphire/dex/normal/malamar.png,Dark,Psychic
#688,6,Binacle,https://img.pokemondb.net/sprites/omega-ruby-alpha-sapphire/dex/normal/binacle.png,Rock,Water
#689,6,Barbaracle,https://img.pokemondb.net/sprites/omega-ruby-alpha-sapphire/dex/normal/barbaracle.png,Rock,Water
#690,6,Skrelp,https://img.pokemondb.net/sprites/omega-ruby-alpha-sapphire/dex/normal/skrelp.png,Poison,Water
#691,6,Dragalge,https://img.pokemondb.net/sprites/omega-ruby-alpha-sapphire/dex/normal/dragalge.png,Poison,Dragon
#692,6,Clauncher,https://img.pokemondb.net/sprites/omega-ruby-alpha-sapphire/dex/normal/clauncher.png,Water,
#693,6,Clawitzer,https://img.pokemondb.net/sprites/omega-ruby-alpha-sapphire/dex/normal/clawitzer.png,Water,
#694,6,Helioptile,https://img.pokemondb.net/sprites/omega-ruby-alpha-sapphire/dex/normal/helioptile.png,Electric,Normal
#695,6,Heliolisk,https://img.pokemondb.net/sprites/omega-ruby-alpha-sapphire/dex/normal/heliolisk.png,Electric,Normal
#696,6,Tyrunt,https://img.pokemondb.net/sprites/omega-ruby-alpha-sapphire/dex/normal/tyrunt.png,Rock,Dragon
#697,6,Tyrantrum,https://img.pokemondb.net/sprites/omega-ruby-alpha-sapphire/dex/normal/tyrantrum.png,Rock,Dragon
#698,6,Amaura,https://img.pokemondb.net/sprites/omega-ruby-alpha-sapphire/dex/normal/amaura.png,Rock,Ice
#699,6,Aurorus,https://img.pokemondb.net/sprites/omega-ruby-alpha-sapphire/dex/normal/aurorus.png,Rock,Ice
#700,6,Sylveon,https://img.pokemondb.net/sprites/omega-ruby-alpha-sapphire/dex/normal/sylveon.png,Fairy,
#701,6,Hawlucha,https://img.pokemondb.net/sprites/omega-ruby-alpha-sapphire/dex/normal/hawlucha.png,Fighting,Flying
#702,6,Dedenne,https://img.pokemondb.net/sprites/omega-ruby-alpha-sapphire/dex/normal/dedenne.png,Electric,Fairy
#703,6,Carbink,https://img.pokemondb.net/sprites/omega-ruby-alpha-sapphire/dex/normal/carbink.png,Rock,Fairy
#704,6,Goomy,https://img.pokemondb.net/sprites/omega-ruby-alpha-sapphire/dex/normal/goomy.png,Dragon,
#705,6,Sliggoo,https://img.pokemondb.net/sprites/omega-ruby-alpha-sapphire/dex/normal/sliggoo.png,Dragon,
#706,6,Goodra,https://img.pokemondb.net/sprites/omega-ruby-alpha-sapphire/dex/normal/goodra.png,Dragon,
#707,6,Klefki,https://img.pokemondb.net/sprites/omega-ruby-alpha-sapphire/dex/normal/klefki.png,Steel,Fairy
#708,6,Phantump,https://img.pokemondb.net/sprites/omega-ruby-alpha-sapphire/dex/normal/phantump.png,Ghost,Grass
#709,6,Trevenant,https://img.pokemondb.net/sprites/omega-ruby-alpha-sapphire/dex/normal/trevenant.png,Ghost,Grass
#710,6,Pumpkaboo (Average Size),https://img.pokemondb.net/sprites/omega-ruby-alpha-sapphire/dex/normal/pumpkaboo-average.png,Ghost,Grass
#711,6,Gourgeist (Average Size),https://img.pokemondb.net/sprites/omega-ruby-alpha-sapphire/dex/normal/gourgeist-average.png,Ghost,Grass
#712,6,Bergmite,https://img.pokemondb.net/sprites/omega-ruby-alpha-sapphire/dex/normal/bergmite.png,Ice,
#713,6,Avalugg,https://img.pokemondb.net/sprites/omega-ruby-alpha-sapphire/dex/normal/avalugg.png,Ice,
#714,6,Noibat,https://img.pokemondb.net/sprites/omega-ruby-alpha-sapphire/dex/normal/noibat.png,Flying,Dragon
#715,6,Noivern,https://img.pokemondb.net/sprites/omega-ruby-alpha-sapphire/dex/normal/noivern.png,Flying,Dragon
#716,6,Xerneas,https://img.pokemondb.net/sprites/omega-ruby-alpha-sapphire/dex/normal/xerneas.png,Fairy,
#717,6,Yveltal,https://img.pokemondb.net/sprites/omega-ruby-alpha-sapphire/dex/normal/yveltal.png,Dark,Flying
#718,6,Zygarde (50% Forme),https://img.pokemondb.net/sprites/omega-ruby-alpha-sapphire/dex/normal/zygarde-50.png,Dragon,Ground
#719,6,Diancie,https://img.pokemondb.net/sprites/omega-ruby-alpha-sapphire/dex/normal/diancie.png,Rock,Fairy
#720,6,Hoopa (Hoopa Confined),https://img.pokemondb.net/sprites/omega-ruby-alpha-sapphire/dex/normal/hoopa-confined.png,Psychic,Ghost
#721,6,Volcanion,https://img.pokemondb.net/sprites/omega-ruby-alpha-sapphire/dex/normal/volcanion.png,Fire,Water
#722,7,Rowlet,https://img.pokemondb.net/sprites/ultra-sun-ultra-moon/small/rowlet.jpg,Grass,Flying
#723,7,Dartrix,https://img.pokemondb.net/sprites/ultra-sun-ultra-moon/small/dartrix.jpg,Grass,Flying
#724,7,Decidueye,https://img.pokemondb.net/sprites/ultra-sun-ultra-moon/small/decidueye.jpg,Grass,Ghost
#725,7,Litten,https://img.pokemondb.net/sprites/ultra-sun-ultra-moon/small/litten.jpg,Fire,
#726,7,Torracat,https://img.pokemondb.net/sprites/ultra-sun-ultra-moon/small/torracat.jpg,Fire,
#727,7,Incineroar,https://img.pokemondb.net/sprites/ultra-sun-ultra-moon/small/incineroar.jpg,Fire,Dark
#728,7,Popplio,https://img.pokemondb.net/sprites/ultra-sun-ultra-moon/small/popplio.jpg,Water,
#729,7,Brionne,https://img.pokemondb.net/sprites/ultra-sun-ultra-moon/small/brionne.jpg,Water,
#730,7,Primarina,https://img.pokemondb.net/sprites/ultra-sun-ultra-moon/small/primarina.jpg,Water,Fairy
#731,7,Pikipek,https://img.pokemondb.net/sprites/ultra-sun-ultra-moon/small/pikipek.jpg,Normal,Flying
#732,7,Trumbeak,https://img.pokemondb.net/sprites/ultra-sun-ultra-moon/small/trumbeak.jpg,Normal,Flying
#733,7,Toucannon,https://img.pokemondb.net/sprites/ultra-sun-ultra-moon/small/toucannon.jpg,Normal,Flying
#734,7,Yungoos,https://img.pokemondb.net/sprites/ultra-sun-ultra-moon/small/yungoos.jpg,Normal,
#735,7,Gumshoos,https://img.pokemondb.net/sprites/ultra-sun-ultra-moon/small/gumshoos.jpg,Normal,
#736,7,Grubbin,https://img.pokemondb.net/sprites/ultra-sun-ultra-moon/small/grubbin.jpg,Bug,
#737,7,Charjabug,https://img.pokemondb.net/sprites/ultra-sun-ultra-moon/small/charjabug.jpg,Bug,Electric
#738,7,Vikavolt,https://img.pokemondb.net/sprites/ultra-sun-ultra-moon/small/vikavolt.jpg,Bug,Electric
#739,7,Crabrawler,https://img.pokemondb.net/sprites/ultra-sun-ultra-moon/small/crabrawler.jpg,Fighting,
#740,7,Crabominable,https://img.pokemondb.net/sprites/ultra-sun-ultra-moon/small/crabominable.jpg,Fighting,Ice
#741,7,Oricorio (Baile Style),https://img.pokemondb.net/sprites/ultra-sun-ultra-moon/small/oricorio-baile.jpg,Fire,Flying
#742,7,Cutiefly,https://img.pokemondb.net/sprites/ultra-sun-ultra-moon/small/cutiefly.jpg,Bug,Fairy
#743,7,Ribombee,https://img.pokemondb.net/sprites/ultra-sun-ultra-moon/small/ribombee.jpg,Bug,Fairy
#744,7,Rockruff,https://img.pokemondb.net/sprites/ultra-sun-ultra-moon/small/rockruff.jpg,Rock,
#745,7,Lycanroc (Midday Form),https://img.pokemondb.net/sprites/ultra-sun-ultra-moon/small/lycanroc-midday.jpg,Rock,
#746,7,Wishiwashi (Solo Form),https://img.pokemondb.net/sprites/ultra-sun-ultra-moon/small/wishiwashi-solo.jpg,Water,
#747,7,Mareanie,https://img.pokemondb.net/sprites/ultra-sun-ultra-moon/small/mareanie.jpg,Poison,Water
#748,7,Toxapex,https://img.pokemondb.net/sprites/ultra-sun-ultra-moon/small/toxapex.jpg,Poison,Water
#749,7,Mudbray,https://img.pokemondb.net/sprites/ultra-sun-ultra-moon/small/mudbray.jpg,Ground,
#750,7,Mudsdale,https://img.pokemondb.net/sprites/ultra-sun-ultra-moon/small/mudsdale.jpg,Ground,
#751,7,Dewpider,https://img.pokemondb.net/sprites/ultra-sun-ultra-moon/small/dewpider.jpg,Water,Bug
#752,7,Araquanid,https://img.pokemondb.net/sprites/ultra-sun-ultra-moon/small/araquanid.jpg,Water,Bug
#753,7,Fomantis,https://img.pokemondb.net/sprites/ultra-sun-ultra-moon/small/fomantis.jpg,Grass,
#754,7,Lurantis,https://img.pokemondb.net/sprites/ultra-sun-ultra-moon/small/lurantis.jpg,Grass,
#755,7,Morelull,https://img.pokemondb.net/sprites/ultra-sun-ultra-moon/small/morelull.jpg,Grass,Fairy
#756,7,Shiinotic,https://img.pokemondb.net/sprites/ultra-sun-ultra-moon/small/shiinotic.jpg,Grass,Fairy
#757,7,Salandit,https://img.pokemondb.net/sprites/ultra-sun-ultra-moon/small/salandit.jpg,Poison,Fire
#758,7,Salazzle,https://img.pokemondb.net/sprites/ultra-sun-ultra-moon/small/salazzle.jpg,Poison,Fire
#759,7,Stufful,https://img.pokemondb.net/sprites/ultra-sun-ultra-moon/small/stufful.jpg,Normal,Fighting
#760,7,Bewear,https://img.pokemondb.net/sprites/ultra-sun-ultra-moon/small/bewear.jpg,Normal,Fighting
#761,7,Bounsweet,https://img.pokemondb.net/sprites/ultra-sun-ultra-moon/small/bounsweet.jpg,Grass,
#762,7,Steenee,https://img.pokemondb.net/sprites/ultra-sun-ultra-moon/small/steenee.jpg,Grass,
#763,7,Tsareena,https://img.pokemondb.net/sprites/ultra-sun-ultra-moon/small/tsareena.jpg,Grass,
#764,7,Comfey,https://img.pokemondb.net/sprites/ultra-sun-ultra-moon/small/comfey.jpg,Fairy,
#765,7,Oranguru,https://img.pokemondb.net/sprites/ultra-sun-ultra-moon/small/oranguru.jpg,Normal,Psychic
#766,7,Passimian,https://img.pokemondb.net/sprites/ultra-sun-ultra-moon/small/passimian.jpg,Fighting,
#767,7,Wimpod,https://img.pokemondb.net/sprites/ultra-sun-ultra-moon/small/wimpod.jpg,Bug,Water
#768,7,Golisopod,https://img.pokemondb.net/sprites/ultra-sun-ultra-moon/small/golisopod.jpg,Bug,Water
#769,7,Sandygast,https://img.pokemondb.net/sprites/ultra-sun-ultra-moon/small/sandygast.jpg,Ghost,Ground
#770,7,Palossand,https://img.pokemondb.net/sprites/ultra-sun-ultra-moon/small/palossand.jpg,Ghost,Ground
#771,7,Pyukumuku,https://img.pokemondb.net/sprites/ultra-sun-ultra-moon/small/pyukumuku.jpg,Water,
#772,7,Type: Null,https://img.pokemondb.net/sprites/ultra-sun-ultra-moon/small/type-null.jpg,Normal,
#773,7,Silvally,https://img.pokemondb.net/sprites/ultra-sun-ultra-moon/small/silvally.jpg,Normal,
#774,7,Minior (Meteor Form),https://img.pokemondb.net/sprites/ultra-sun-ultra-moon/small/minior-meteor.jpg,Rock,Flying
#775,7,Komala,https://img.pokemondb.net/sprites/ultra-sun-ultra-moon/small/komala.jpg,Normal,
#776,7,Turtonator,https://img.pokemondb.net/sprites/ultra-sun-ultra-moon/small/turtonator.jpg,Fire,Dragon
#777,7,Togedemaru,https://img.pokemondb.net/sprites/ultra-sun-ultra-moon/small/togedemaru.jpg,Electric,Steel
#778,7,Mimikyu,https://img.pokemondb.net/sprites/ultra-sun-ultra-moon/small/mimikyu.jpg,Ghost,Fairy
#779,7,Bruxish,https://img.pokemondb.net/sprites/ultra-sun-ultra-moon/small/bruxish.jpg,Water,Psychic
#780,7,Drampa,https://img.pokemondb.net/sprites/ultra-sun-ultra-moon/small/drampa.jpg,Normal,Dragon
#781,7,Dhelmise,https://img.pokemondb.net/sprites/ultra-sun-ultra-moon/small/dhelmise.jpg,Ghost,Grass
#782,7,Jangmo-o,https://img.pokemondb.net/sprites/ultra-sun-ultra-moon/small/jangmo-o.jpg,Dragon,
#783,7,Hakamo-o,https://img.pokemondb.net/sprites/ultra-sun-ultra-moon/small/hakamo-o.jpg,Dragon,Fighting
#784,7,Kommo-o,https://img.pokemondb.net/sprites/ultra-sun-ultra-moon/small/kommo-o.jpg,Dragon,Fighting
#785,7,Tapu Koko,https://img.pokemondb.net/sprites/ultra-sun-ultra-moon/small/tapu-koko.jpg,Electric,Fairy
#786,7,Tapu Lele,https://img.pokemondb.net/sprites/ultra-sun-ultra-moon/small/tapu-lele.jpg,Psychic,Fairy
#787,7,Tapu Bulu,https://img.pokemondb.net/sprites/ultra-sun-ultra-moon/small/tapu-bulu.jpg,Grass,Fairy
#788,7,Tapu Fini,https://img.pokemondb.net/sprites/ultra-sun-ultra-moon/small/tapu-fini.jpg,Water,Fairy
#789,7,Cosmog,https://img.pokemondb.net/sprites/ultra-sun-ultra-moon/small/cosmog.jpg,Psychic,
#790,7,Cosmoem,https://img.pokemondb.net/sprites/ultra-sun-ultra-moon/small/cosmoem.jpg,Psychic,
#791,7,Solgaleo,https://img.pokemondb.net/sprites/ultra-sun-ultra-moon/small/solgaleo.jpg,Psychic,Steel
#792,7,Lunala,https://img.pokemondb.net/sprites/ultra-sun-ultra-moon/small/lunala.jpg,Psychic,Ghost
#793,7,Nihilego,https://img.pokemondb.net/sprites/ultra-sun-ultra-moon/small/nihilego.jpg,Rock,Poison
#794,7,Buzzwole,https://img.pokemondb.net/sprites/ultra-sun-ultra-moon/small/buzzwole.jpg,Bug,Fighting
#795,7,Pheromosa,https://img.pokemondb.net/sprites/ultra-sun-ultra-moon/small/pheromosa.jpg,Bug,Fighting
#796,7,Xurkitree,https://img.pokemondb.net/sprites/ultra-sun-ultra-moon/small/xurkitree.jpg,Electric,
#797,7,Celesteela,https://img.pokemondb.net/sprites/ultra-sun-ultra-moon/small/celesteela.jpg,Steel,Flying
#798,7,Kartana,https://img.pokemondb.net/sprites/ultra-sun-ultra-moon/small/kartana.jpg,Grass,Steel
#799,7,Guzzlord,https://img.pokemondb.net/sprites/ultra-sun-ultra-moon/small/guzzlord.jpg,Dark,Dragon
#800,7,Necrozma,https://img.pokemondb.net/sprites/ultra-sun-ultra-moon/small/necrozma.jpg,Psychic,
#801,7,Magearna,https://img.pokemondb.net/sprites/ultra-sun-ultra-moon/small/magearna.jpg,Steel,Fairy
#802,7,Marshadow,https://img.pokemondb.net/sprites/ultra-sun-ultra-moon/small/marshadow.jpg,Fighting,Ghost
#803,7,Poipole,https://img.pokemondb.net/sprites/ultra-sun-ultra-moon/small/poipole.jpg,Poison,
#804,7,Naganadel,https://img.pokemondb.net/sprites/ultra-sun-ultra-moon/small/naganadel.jpg,Poison,Dragon
#805,7,Stakataka,https://img.pokemondb.net/sprites/ultra-sun-ultra-moon/small/stakataka.jpg,Rock,Steel
#806,7,Blacephalon,https://img.pokemondb.net/sprites/ultra-sun-ultra-moon/small/blacephalon.jpg,Fire,Ghost
#807,7,Zeraora,https://img.pokemondb.net/sprites/ultra-sun-ultra-moon/small/zeraora.jpg,Electric,
#808,7,Meltan,https://img.pokemondb.net/sprites/ultra-sun-ultra-moon/small/meltan.jpg,Steel,
#809,7,Melmetal,https://img.pokemondb.net/sprites/ultra-sun-ultra-moon/small/melmetal.jpg,Steel,
#810,8,Grookey,https://img.pokemondb.net/sprites/sword-shield/pixel/grookey.png,Grass,
#811,8,Thwackey,https://img.pokemondb.net/sprites/sword-shield/pixel/thwackey.png,Grass,
#812,8,Rillaboom,https://img.pokemondb.net/sprites/sword-shield/pixel/rillaboom.png,Grass,
#813,8,Scorbunny,https://img.pokemondb.net/sprites/sword-shield/pixel/scorbunny.png,Fire,
#814,8,Raboot,https://img.pokemondb.net/sprites/sword-shield/pixel/raboot.png,Fire,
#815,8,Cinderace,https://img.pokemondb.net/sprites/sword-shield/pixel/cinderace.png,Fire,
#816,8,Sobble,https://img.pokemondb.net/sprites/sword-shield/pixel/sobble.png,Water,
#817,8,Drizzile,https://img.pokemondb.net/sprites/sword-shield/pixel/drizzile.png,Water,
#818,8,Inteleon,https://img.pokemondb.net/sprites/sword-shield/pixel/inteleon.png,Water,
#819,8,Skwovet,https://img.pokemondb.net/sprites/sword-shield/pixel/skwovet.png,Normal,
#820,8,Greedent,https://img.pokemondb.net/sprites/sword-shield/pixel/greedent.png,Normal,
#821,8,Rookidee,https://img.pokemondb.net/sprites/sword-shield/pixel/rookidee.png,Flying,
#822,8,Corvisquire,https://img.pokemondb.net/sprites/sword-shield/pixel/corvisquire.png,Flying,
#823,8,Corviknight,https://img.pokemondb.net/sprites/sword-shield/pixel/corviknight.png,Flying,Steel
#824,8,Blipbug,https://img.pokemondb.net/sprites/sword-shield/pixel/blipbug.png,Bug,
#825,8,Dottler,https://img.pokemondb.net/sprites/sword-shield/pixel/dottler.png,Bug,Psychic
#826,8,Orbeetle,https://img.pokemondb.net/sprites/sword-shield/pixel/orbeetle.png,Bug,Psychic
#827,8,Nickit,https://img.pokemondb.net/sprites/sword-shield/pixel/nickit.png,Dark,
#828,8,Thievul,https://img.pokemondb.net/sprites/sword-shield/pixel/thievul.png,Dark,
#829,8,Gossifleur,https://img.pokemondb.net/sprites/sword-shield/pixel/gossifleur.png,Grass,
#830,8,Eldegoss,https://img.pokemondb.net/sprites/sword-shield/pixel/eldegoss.png,Grass,
#831,8,Wooloo,https://img.pokemondb.net/sprites/sword-shield/pixel/wooloo.png,Normal,
#832,8,Dubwool,https://img.pokemondb.net/sprites/sword-shield/pixel/dubwool.png,Normal,
#833,8,Chewtle,https://img.pokemondb.net/sprites/sword-shield/pixel/chewtle.png,Water,
#834,8,Drednaw,https://img.pokemondb.net/sprites/sword-shield/pixel/drednaw.png,Water,Rock
#835,8,Yamper,https://img.pokemondb.net/sprites/sword-shield/pixel/yamper.png,Electric,
#836,8,Boltund,https://img.pokemondb.net/sprites/sword-shield/pixel/boltund.png,Electric,
#837,8,Rolycoly,https://img.pokemondb.net/sprites/sword-shield/pixel/rolycoly.png,Rock,
#838,8,Carkol,https://img.pokemondb.net/sprites/sword-shield/pixel/carkol.png,Rock,Fire
#839,8,Coalossal,https://img.pokemondb.net/sprites/sword-shield/pixel/coalossal.png,Rock,Fire
#840,8,Applin,https://img.pokemondb.net/sprites/sword-shield/pixel/applin.png,Grass,Dragon
#841,8,Flapple,https://img.pokemondb.net/sprites/sword-shield/pixel/flapple.png,Grass,Dragon
#842,8,Appletun,https://img.pokemondb.net/sprites/sword-shield/pixel/appletun.png,Grass,Dragon
#843,8,Silicobra,https://img.pokemondb.net/sprites/sword-shield/pixel/silicobra.png,Ground,
#844,8,Sandaconda,https://img.pokemondb.net/sprites/sword-shield/pixel/sandaconda.png,Ground,
#845,8,Cramorant,https://img.pokemondb.net/sprites/sword-shield/pixel/cramorant.png,Flying,Water
#846,8,Arrokuda,https://img.pokemondb.net/sprites/sword-shield/pixel/arrokuda.png,Water,
#847,8,Barraskewda,https://img.pokemondb.net/sprites/sword-shield/pixel/barraskewda.png,Water,
#848,8,Toxel,https://img.pokemondb.net/sprites/sword-shield/pixel/toxel.png,Electric,Poison
#849,8,Toxtricity (Low Key Form),https://img.pokemondb.net/sprites/sword-shield/pixel/toxtricity-low-key.png,Electric,Poison
#850,8,Sizzlipede,https://img.pokemondb.net/sprites/sword-shield/pixel/sizzlipede.png,Fire,Bug
#851,8,Centiskorch,https://img.pokemondb.net/sprites/sword-shield/pixel/centiskorch.png,Fire,Bug
#852,8,Clobbopus,https://img.pokemondb.net/sprites/sword-shield/pixel/clobbopus.png,Fighting,
#853,8,Grapploct,https://img.pokemondb.net/sprites/sword-shield/pixel/grapploct.png,Fighting,
#854,8,Sinistea,https://img.pokemondb.net/sprites/sword-shield/pixel/sinistea.png,Ghost,
#855,8,Polteageist,https://img.pokemondb.net/sprites/sword-shield/pixel/polteageist.png,Ghost,
#856,8,Hatenna,https://img.pokemondb.net/sprites/sword-shield/pixel/hatenna.png,Psychic,
#857,8,Hattrem,https://img.pokemondb.net/sprites/sword-shield/pixel/hattrem.png,Psychic,
#858,8,Hatterene,https://img.pokemondb.net/sprites/sword-shield/pixel/hatterene.png,Psychic,Fairy
#859,8,Impidimp,https://img.pokemondb.net/sprites/sword-shield/pixel/impidimp.png,Dark,Fairy
#860,8,Morgrem,https://img.pokemondb.net/sprites/sword-shield/pixel/morgrem.png,Dark,Fairy
#861,8,Grimmsnarl,https://img.pokemondb.net/sprites/sword-shield/pixel/grimmsnarl.png,Dark,Fairy
#862,8,Obstagoon,https://img.pokemondb.net/sprites/sword-shield/pixel/obstagoon.png,Dark,Normal
#863,8,Perrserker,https://img.pokemondb.net/sprites/sword-shield/pixel/perrserker.png,Steel,
#864,8,Cursola,https://img.pokemondb.net/sprites/sword-shield/pixel/cursola.png,Ghost,
#865,8,Sirfetch'd,https://img.pokemondb.net/sprites/sword-shield/pixel/sirfetchd.png,Fighting,
#866,8,Mr. Rime,https://img.pokemondb.net/sprites/sword-shield/pixel/mr-rime.png,Psychic,Ice
#867,8,Runerigus,https://img.pokemondb.net/sprites/sword-shield/pixel/runerigus.png,Ground,Ghost
#868,8,Milcery,https://img.pokemondb.net/sprites/sword-shield/pixel/milcery.png,Fairy,
#869,8,Alcremie,https://img.pokemondb.net/sprites/sword-shield/pixel/alcremie.png,Fairy,
#870,8,Falinks,https://img.pokemondb.net/sprites/sword-shield/pixel/falinks.png,Fighting,
#871,8,Pincurchin,https://img.pokemondb.net/sprites/sword-shield/pixel/pincurchin.png,Electric,
#872,8,Snom,https://img.pokemondb.net/sprites/sword-shield/pixel/snom.png,Ice,Bug
#873,8,Frosmoth,https://img.pokemondb.net/sprites/sword-shield/pixel/frosmoth.png,Ice,Bug
#874,8,Stonjourner,https://img.pokemondb.net/sprites/sword-shield/pixel/stonjourner.png,Rock,
#875,8,Eiscue (Ice Face),https://img.pokemondb.net/sprites/sword-shield/pixel/eiscue-ice.png,Ice,
#876,8,Indeedee (Male),https://img.pokemondb.net/sprites/sword-shield/pixel/indeedee-male.png,Psychic,Normal
#877,8,Morpeko (Full Belly Mode),https://img.pokemondb.net/sprites/sword-shield/pixel/morpeko-full-belly.png,Electric,Dark
#878,8,Cufant,https://img.pokemondb.net/sprites/sword-shield/pixel/cufant.png,Steel,
#879,8,Copperajah,https://img.pokemondb.net/sprites/sword-shield/pixel/copperajah.png,Steel,
#880,8,Dracozolt,https://img.pokemondb.net/sprites/sword-shield/pixel/dracozolt.png,Electric,Dragon
#881,8,Arctozolt,https://img.pokemondb.net/sprites/sword-shield/pixel/arctozolt.png,Electric,Ice
#882,8,Dracovish,https://img.pokemondb.net/sprites/sword-shield/pixel/dracovish.png,Water,Dragon
#883,8,Arctovish,https://img.pokemondb.net/sprites/sword-shield/pixel/arctovish.png,Water,Ice
#884,8,Duraludon,https://img.pokemondb.net/sprites/sword-shield/pixel/duraludon.png,Steel,Dragon
#885,8,Dreepy,https://img.pokemondb.net/sprites/sword-shield/pixel/dreepy.png,Dragon,Ghost
#886,8,Drakloak,https://img.pokemondb.net/sprites/sword-shield/pixel/drakloak.png,Dragon,Ghost
#887,8,Dragapult,https://img.pokemondb.net/sprites/sword-shield/pixel/dragapult.png,Dragon,Ghost
#888,8,Zacian (Crowned Sword),https://img.pokemondb.net/sprites/sword-shield/pixel/zacian-crowned.png,Fairy,Steel
#889,8,Zamazenta (Crowned Shield),https://img.pokemondb.net/sprites/sword-shield/pixel/zamazenta-crowned.png,Fighting,Steel
#890,8,Eternatus,https://img.pokemondb.net/sprites/sword-shield/pixel/eternatus.png,Poison,Dragon
#891,8,Kubfu,https://img.pokemondb.net/sprites/sword-shield/pixel/kubfu.png,Fighting,
#892,8,Urshifu (Single Strike Style),https://img.pokemondb.net/sprites/sword-shield/pixel/urshifu-single-strike.png,Fighting,Dark
#893,8,Zarude,https://img.pokemondb.net/sprites/sword-shield/pixel/zarude.png,Dark,Grass
